Fecha_Hora,Escenario,Conexion,VPN,Posicion_Esperada,Latitud,Longitud,Precision_m,Tiempo_Obtencion_ms,Tiempo_Consulta_Config_ms,Distancia_m,Radio_Geocerca_m,Validacion,Validacion_Correcta,Error
"2026-08-02T19:44:44.336Z,""E1"",""Wi-Fi"",""No"",""Dentro"",""-0.288401"",""-79.213253"",""99.00"",""3564.50"",""289.40"",""1.94"",""10"",""Aceptada"",""Sí"","""""
"2026-08-02T19:45:27.222Z,""E1"",""Wi-Fi"",""No"",""Dentro"",""-0.288417"",""-79.213263"",""100.00"",""3256.10"",""391.10"",""1.96"",""10"",""Aceptada"",""Sí"","""""
"2026-08-02T19:45:44.756Z,""E1"",""Wi-Fi"",""No"",""Dentro"",""-0.288361"",""-79.213253"",""100.00"",""3343.00"",""281.60"",""4.85"",""10"",""Aceptada"",""Sí"","""""
"2026-08-02T19:45:48.409Z,""E1"",""Wi-Fi"",""No"",""Dentro"",""-0.288361"",""-79.213253"",""100.00"",""152.60"",""284.10"",""4.85"",""10"",""Aceptada"",""Sí"","""""
"2026-08-02T19:45:53.973Z,""E1"",""Wi-Fi"",""No"",""Dentro"",""-0.288361"",""-79.213253"",""100.00"",""103.30"",""279.80"",""4.85"",""10"",""Aceptada"",""Sí"","""""
"2026-08-02T19:46:01.142Z,""E1"",""Wi-Fi"",""No"",""Dentro"",""-0.288363"",""-79.213271"",""99.00"",""3468.10"",""284.10"",""4.23"",""10"",""Aceptada"",""Sí"","""""
"2026-08-02T19:46:05.995Z,""E1"",""Wi-Fi"",""No"",""Dentro"",""-0.288363"",""-79.213271"",""99.00"",""135.30"",""280.10"",""4.23"",""10"",""Aceptada"",""Sí"","""""
"2026-08-02T19:46:07.389Z,""E1"",""Wi-Fi"",""No"",""Dentro"",""-0.288363"",""-79.213271"",""99.00"",""148.70"",""280.40"",""4.23"",""10"",""Aceptada"",""Sí"","""""
"2026-08-02T19:46:08.953Z,""E1"",""Wi-Fi"",""No"",""Dentro"",""-0.288363"",""-79.213271"",""99.00"",""141.90"",""285.40"",""4.23"",""10"",""Aceptada"",""Sí"","""""
"2026-08-02T19:46:10.945Z,""E1"",""Wi-Fi"",""No"",""Dentro"",""-0.288363"",""-79.213271"",""99.00"",""119.60"",""284.80"",""4.23"",""10"",""Aceptada"",""Sí"","""""
"2026-08-02T19:46:15.672Z,""E1"",""Wi-Fi"",""No"",""Dentro"",""-0.288352"",""-79.213265"",""99.00"",""32.40"",""280.90"",""5.51"",""10"",""Aceptada"",""Sí"","""""
"2026-08-02T19:46:15.858Z,""E1"",""Wi-Fi"",""No"",""Dentro"",""-0.288352"",""-79.213265"",""99.00"",""2197.40"",""467.20"",""5.51"",""10"",""Aceptada"",""Sí"","""""
"2026-08-02T19:46:17.959Z,""E1"",""Wi-Fi"",""No"",""Dentro"",""-0.288352"",""-79.213265"",""99.00"",""129.20"",""284.70"",""5.51"",""10"",""Aceptada"",""Sí"","""""
"2026-08-02T19:46:23.402Z,""E1"",""Wi-Fi"",""No"",""Dentro"",""-0.288352"",""-79.213265"",""99.00"",""163.80"",""286.10"",""5.51"",""10"",""Aceptada"",""Sí"","""""
"2026-08-02T19:46:25.009Z,""E1"",""Wi-Fi"",""No"",""Dentro"",""-0.288352"",""-79.213265"",""99.00"",""126.90"",""279.00"",""5.51"",""10"",""Aceptada"",""Sí"","""""
"2026-08-02T19:46:29.818Z,""E1"",""Wi-Fi"",""No"",""Dentro"",""-0.288343"",""-79.213255"",""99.00"",""3364.00"",""285.60"",""6.62"",""10"",""Aceptada"",""Sí"","""""
"2026-08-02T19:46:30.096Z,""E1"",""Wi-Fi"",""No"",""Dentro"",""-0.288343"",""-79.213255"",""99.00"",""479.00"",""562.80"",""6.62"",""10"",""Aceptada"",""Sí"","""""
"2026-08-02T19:46:30.280Z,""E1"",""Wi-Fi"",""No"",""Dentro"",""-0.288343"",""-79.213255"",""99.00"",""1697.80"",""747.10"",""6.62"",""10"",""Aceptada"",""Sí"","""""
"2026-08-02T19:46:30.490Z,""E1"",""Wi-Fi"",""No"",""Dentro"",""-0.288343"",""-79.213255"",""99.00"",""148.80"",""550.80"",""6.62"",""10"",""Aceptada"",""Sí"","""""
"2026-08-02T19:46:32.189Z,""E1"",""Wi-Fi"",""No"",""Dentro"",""-0.288343"",""-79.213255"",""99.00"",""122.40"",""200.50"",""6.62"",""10"",""Aceptada"",""Sí"","""""
"2026-08-02T20:02:24.587Z,""E2"",""Datos móviles"",""No"",""Dentro"",""-0.288462"",""-79.213252"",""99.00"",""2156.90"",""900.90"",""1.52"",""10"",""Aceptada"",""Sí"","""""
"2026-08-02T20:02:25.261Z,""E2"",""Datos móviles"",""No"",""Dentro"",""-0.288462"",""-79.213252"",""99.00"",""1323.50"",""1575.20"",""1.52"",""10"",""Aceptada"",""Sí"","""""
"2026-08-02T20:02:25.775Z,""E2"",""Datos móviles"",""No"",""Dentro"",""-0.288462"",""-79.213252"",""99.00"",""164.80"",""1908.80"",""1.52"",""10"",""Aceptada"",""Sí"","""""
"2026-08-02T20:02:26.392Z,""E2"",""Datos móviles"",""No"",""Dentro"",""-0.288462"",""-79.213252"",""99.00"",""155.20"",""1954.00"",""1.52"",""10"",""Aceptada"",""Sí"","""""
"2026-08-02T20:02:26.839Z,""E2"",""Datos móviles"",""No"",""Dentro"",""-0.288462"",""-79.213252"",""99.00"",""168.30"",""2086.90"",""1.52"",""10"",""Aceptada"",""Sí"","""""
"2026-08-02T20:02:27.216Z,""E2"",""Datos móviles"",""No"",""Dentro"",""-0.288462"",""-79.213252"",""99.00"",""152.80"",""1946.70"",""1.52"",""10"",""Aceptada"",""Sí"","""""
"2026-08-02T20:02:27.558Z,""E2"",""Datos móviles"",""No"",""Dentro"",""-0.288462"",""-79.213252"",""99.00"",""193.20"",""1510.60"",""1.52"",""10"",""Aceptada"",""Sí"","""""
"2026-08-02T20:02:28.086Z,""E2"",""Datos móviles"",""No"",""Dentro"",""-0.288462"",""-79.213252"",""99.00"",""187.20"",""1525.00"",""1.52"",""10"",""Aceptada"",""Sí"","""""
"2026-08-02T20:02:29.756Z,""E2"",""Datos móviles"",""No"",""Dentro"",""-0.288462"",""-79.213252"",""99.00"",""168.00"",""2387.70"",""1.52"",""10"",""Aceptada"",""Sí"","""""
"2026-08-02T20:02:30.475Z,""E2"",""Datos móviles"",""No"",""Dentro"",""-0.288462"",""-79.213252"",""99.00"",""197.80"",""2836.30"",""1.52"",""10"",""Aceptada"",""Sí"","""""
"2026-08-02T20:02:31.192Z,""E2"",""Datos móviles"",""No"",""Dentro"",""-0.288462"",""-79.213252"",""99.00"",""105.60"",""3400.50"",""1.52"",""10"",""Aceptada"",""Sí"","""""
"2026-08-02T20:02:31.909Z,""E2"",""Datos móviles"",""No"",""Dentro"",""-0.288462"",""-79.213252"",""99.00"",""177.70"",""3126.70"",""1.52"",""10"",""Aceptada"",""Sí"","""""
"2026-08-02T20:02:32.631Z,""E2"",""Datos móviles"",""No"",""Dentro"",""-0.288462"",""-79.213252"",""99.00"",""164.30"",""2346.50"",""1.52"",""10"",""Aceptada"",""Sí"","""""
"2026-08-02T20:02:39.016Z,""E2"",""Datos móviles"",""No"",""Dentro"",""-0.288459"",""-79.213253"",""99.00"",""3926.60"",""473.90"",""1.71"",""10"",""Aceptada"",""Sí"","""""
"2026-08-02T20:02:39.345Z,""E2"",""Datos móviles"",""No"",""Dentro"",""-0.288459"",""-79.213253"",""99.00"",""2243.30"",""803.20"",""1.71"",""10"",""Aceptada"",""Sí"","""""
"2026-08-02T20:02:39.793Z,""E2"",""Datos móviles"",""No"",""Dentro"",""-0.288459"",""-79.213253"",""99.00"",""15.20"",""1250.80"",""1.71"",""10"",""Aceptada"",""Sí"","""""
"2026-08-02T20:02:40.355Z,""E2"",""Datos móviles"",""No"",""Dentro"",""-0.288459"",""-79.213253"",""99.00"",""3157.00"",""1812.30"",""1.71"",""10"",""Aceptada"",""Sí"","""""
"2026-08-02T20:02:41.037Z,""E2"",""Datos móviles"",""No"",""Dentro"",""-0.288459"",""-79.213253"",""99.00"",""3395.80"",""2495.00"",""1.71"",""10"",""Aceptada"",""Sí"","""""
"2026-08-02T20:02:41.644Z,""E2"",""Datos móviles"",""No"",""Dentro"",""-0.288459"",""-79.213253"",""99.00"",""153.10"",""578.10"",""1.71"",""10"",""Aceptada"",""Sí"","""""
"2026-08-02T20:02:42.984Z,""E2"",""Datos móviles"",""No"",""Dentro"",""-0.288459"",""-79.213253"",""99.00"",""142.90"",""1079.70"",""1.71"",""10"",""Aceptada"",""Sí"","""""
"2026-08-02T20:06:03.180Z,""E3"",""Wi-Fi"",""Sí"",""Dentro"",""-0.288358"",""-79.213264"",""102.00"",""2841.00"",""578.60"",""1.58"",""10"",""Aceptada"",""Sí"","""""
"2026-08-02T20:06:05.473Z,""E3"",""Wi-Fi"",""Sí"",""Dentro"",""-0.288358"",""-79.213264"",""102.00"",""150.30"",""890.30"",""1.58"",""10"",""Aceptada"",""Sí"","""""
"2026-08-02T20:06:06.348Z,""E3"",""Wi-Fi"",""Sí"",""Dentro"",""-0.288358"",""-79.213264"",""102.00"",""115.10"",""1109.70"",""1.58"",""10"",""Aceptada"",""Sí"","""""
"2026-08-02T20:06:06.913Z,""E3"",""Wi-Fi"",""Sí"",""Dentro"",""-0.288358"",""-79.213264"",""102.00"",""134.60"",""1013.40"",""1.58"",""10"",""Aceptada"",""Sí"","""""
"2026-08-02T20:06:07.521Z,""E3"",""Wi-Fi"",""Sí"",""Dentro"",""-0.288358"",""-79.213264"",""102.00"",""113.20"",""1006.20"",""1.58"",""10"",""Aceptada"",""Sí"","""""
"2026-08-02T20:06:08.907Z,""E3"",""Wi-Fi"",""Sí"",""Dentro"",""-0.288358"",""-79.213264"",""102.00"",""162.60"",""1447.20"",""1.58"",""10"",""Aceptada"",""Sí"","""""
"2026-08-02T20:06:09.472Z,""E3"",""Wi-Fi"",""Sí"",""Dentro"",""-0.288358"",""-79.213264"",""102.00"",""147.30"",""1494.00"",""1.58"",""10"",""Aceptada"",""Sí"","""""
"2026-08-02T20:06:10.041Z,""E3"",""Wi-Fi"",""Sí"",""Dentro"",""-0.288358"",""-79.213264"",""102.00"",""154.30"",""1584.40"",""1.58"",""10"",""Aceptada"",""Sí"","""""
"2026-08-02T20:06:10.752Z,""E3"",""Wi-Fi"",""Sí"",""Dentro"",""-0.288358"",""-79.213264"",""102.00"",""146.80"",""1823.80"",""1.58"",""10"",""Aceptada"",""Sí"","""""
"2026-08-02T20:06:11.367Z,""E3"",""Wi-Fi"",""Sí"",""Dentro"",""-0.288358"",""-79.213264"",""102.00"",""123.60"",""2066.60"",""1.58"",""10"",""Aceptada"",""Sí"","""""
"2026-08-02T20:06:12.183Z,""E3"",""Wi-Fi"",""Sí"",""Dentro"",""-0.288358"",""-79.213264"",""102.00"",""120.60"",""2517.20"",""1.58"",""10"",""Aceptada"",""Sí"","""""
"2026-08-02T20:06:12.903Z,""E3"",""Wi-Fi"",""Sí"",""Dentro"",""-0.288358"",""-79.213264"",""102.00"",""153.00"",""2820.80"",""1.58"",""10"",""Aceptada"",""Sí"","""""
"2026-08-02T20:06:13.517Z,""E3"",""Wi-Fi"",""Sí"",""Dentro"",""-0.288358"",""-79.213264"",""102.00"",""128.90"",""3081.60"",""1.58"",""10"",""Aceptada"",""Sí"","""""
"2026-08-02T20:06:17.554Z,""E3"",""Wi-Fi"",""Sí"",""Dentro"",""-0.288431"",""-79.213275"",""99.00"",""730.40"",""946.90"",""6.90"",""10"",""Aceptada"",""Sí"","""""
"2026-08-02T20:06:18.228Z,""E3"",""Wi-Fi"",""Sí"",""Dentro"",""-0.288431"",""-79.213275"",""99.00"",""1153.00"",""1619.80"",""6.90"",""10"",""Aceptada"",""Sí"","""""
"2026-08-02T20:06:18.883Z,""E3"",""Wi-Fi"",""Sí"",""Dentro"",""-0.288431"",""-79.213275"",""99.00"",""238.00"",""2275.40"",""6.90"",""10"",""Aceptada"",""Sí"","""""
"2026-08-02T20:06:19.934Z,""E3"",""Wi-Fi"",""Sí"",""Dentro"",""-0.288431"",""-79.213275"",""99.00"",""129.80"",""2717.00"",""6.90"",""10"",""Aceptada"",""Sí"","""""
"2026-08-02T20:06:20.375Z,""E3"",""Wi-Fi"",""Sí"",""Dentro"",""-0.288431"",""-79.213275"",""99.00"",""145.60"",""1014.90"",""6.90"",""10"",""Aceptada"",""Sí"","""""
"2026-08-02T20:06:21.298Z,""E3"",""Wi-Fi"",""Sí"",""Dentro"",""-0.288431"",""-79.213275"",""99.00"",""143.30"",""1236.70"",""6.90"",""10"",""Aceptada"",""Sí"","""""
"2026-08-02T20:06:23.142Z,""E3"",""Wi-Fi"",""Sí"",""Dentro"",""-0.288431"",""-79.213275"",""99.00"",""121.50"",""1140.10"",""6.90"",""10"",""Aceptada"",""Sí"","""""
"2026-08-02T20:08:12.626Z,""E4"",""Datos móviles"",""Sí"",""Dentro"",""-0.288450"",""-79.213276"",""114.00"",""2282.40"",""1364.70"",""0.81"",""10"",""Aceptada"",""Sí"","""""
"2026-08-02T20:08:13.978Z,""E4"",""Datos móviles"",""Sí"",""Dentro"",""-0.288450"",""-79.213276"",""114.00"",""845.10"",""2715.80"",""0.81"",""10"",""Aceptada"",""Sí"","""""
"2026-08-02T20:08:15.458Z,""E4"",""Datos móviles"",""Sí"",""Dentro"",""-0.288450"",""-79.213276"",""114.00"",""164.00"",""4195.90"",""0.81"",""10"",""Aceptada"",""Sí"","""""
"2026-08-02T20:08:16.179Z,""E4"",""Datos móviles"",""Sí"",""Dentro"",""-0.288450"",""-79.213276"",""114.00"",""1524.20"",""4917.20"",""0.81"",""10"",""Aceptada"",""Sí"","""""
"2026-08-02T20:08:18.016Z,""E4"",""Datos móviles"",""Sí"",""Dentro"",""-0.288450"",""-79.213276"",""114.00"",""120.50"",""6126.20"",""0.81"",""10"",""Aceptada"",""Sí"","""""
"2026-08-02T20:08:19.246Z,""E4"",""Datos móviles"",""Sí"",""Dentro"",""-0.288450"",""-79.213276"",""114.00"",""113.80"",""6625.30"",""0.81"",""10"",""Aceptada"",""Sí"","""""
"2026-08-02T20:08:20.012Z,""E4"",""Datos móviles"",""Sí"",""Dentro"",""-0.288450"",""-79.213276"",""114.00"",""124.00"",""6553.90"",""0.81"",""10"",""Aceptada"",""Sí"","""""
"2026-08-02T20:08:20.734Z,""E4"",""Datos móviles"",""Sí"",""Dentro"",""-0.288450"",""-79.213276"",""114.00"",""187.40"",""6494.20"",""0.81"",""10"",""Aceptada"",""Sí"","""""
"2026-08-02T20:08:22.274Z,""E4"",""Datos móviles"",""Sí"",""Dentro"",""-0.288450"",""-79.213276"",""114.00"",""179.00"",""7358.10"",""0.81"",""10"",""Aceptada"",""Sí"","""""
"2026-08-02T20:08:23.953Z,""E4"",""Datos móviles"",""Sí"",""Dentro"",""-0.288450"",""-79.213276"",""114.00"",""161.60"",""8069.40"",""0.81"",""10"",""Aceptada"",""Sí"","""""
"2026-08-02T20:08:27.761Z,""E4"",""Datos móviles"",""Sí"",""Dentro"",""-0.288450"",""-79.213276"",""114.00"",""154.90"",""9771.60"",""0.81"",""10"",""Aceptada"",""Sí"","""""
"2026-08-02T20:08:28.873Z,""E4"",""Datos móviles"",""Sí"",""Dentro"",""-0.288450"",""-79.213276"",""114.00"",""131.80"",""9928.10"",""0.81"",""10"",""Aceptada"",""Sí"","""""
"2026-08-02T20:08:29.634Z,""E4"",""Datos móviles"",""Sí"",""Dentro"",""-0.288450"",""-79.213276"",""114.00"",""117.90"",""9793.80"",""0.81"",""10"",""Aceptada"",""Sí"","""""
"2026-08-02T20:08:30.512Z,""E4"",""Datos móviles"",""Sí"",""Dentro"",""-0.288450"",""-79.213276"",""114.00"",""123.20"",""10049.60"",""0.81"",""10"",""Aceptada"",""Sí"","""""
"2026-08-02T20:08:31.540Z,""E4"",""Datos móviles"",""Sí"",""Dentro"",""-0.288450"",""-79.213276"",""114.00"",""136.10"",""10388.60"",""0.81"",""10"",""Aceptada"",""Sí"","""""
"2026-08-02T20:08:35.442Z,""E4"",""Datos móviles"",""Sí"",""Dentro"",""-0.288330"",""-79.213250"",""116.00"",""2176.60"",""11682.90"",""14.38"",""10"",""Rechazada"",""No"","""""
"2026-08-02T20:08:43.850Z,""E4"",""Datos móviles"",""Sí"",""Dentro"",""-0.288415"",""-79.213231"",""116.00"",""1863.20"",""1004.80"",""6.86"",""10"",""Aceptada"",""Sí"","""""
"2026-08-02T20:08:46.383Z,""E4"",""Datos móviles"",""Sí"",""Dentro"",""-0.288415"",""-79.213231"",""116.00"",""132.10"",""1200.60"",""6.86"",""10"",""Aceptada"",""Sí"","""""
"2026-08-02T20:08:47.513Z,""E4"",""Datos móviles"",""Sí"",""Dentro"",""-0.288415"",""-79.213231"",""116.00"",""166.00"",""1619.30"",""6.86"",""10"",""Aceptada"",""Sí"","""""
"2026-08-02T20:08:50.536Z,""E4"",""Datos móviles"",""Sí"",""Dentro"",""-0.288415"",""-79.213231"",""116.00"",""131.10"",""2244.20"",""6.86"",""10"",""Aceptada"",""Sí"","""""
"2026-08-02T20:21:11.844Z,""E6"",""Datos móviles"",""No"",""Fuera"",""-0.288273"",""-79.213246"",""114.00"",""2.40"",""629.80"",""20.82"",""10"",""Rechazada"",""Sí"","""""
"2026-08-02T20:21:12.260Z,""E6"",""Datos móviles"",""No"",""Fuera"",""-0.288273"",""-79.213246"",""114.00"",""3.80"",""626.50"",""20.82"",""10"",""Rechazada"",""Sí"","""""
"2026-08-02T20:21:12.667Z,""E6"",""Datos móviles"",""No"",""Fuera"",""-0.288273"",""-79.213246"",""114.00"",""2.70"",""652.60"",""20.82"",""10"",""Rechazada"",""Sí"","""""
"2026-08-02T20:21:13.383Z,""E6"",""Datos móviles"",""No"",""Fuera"",""-0.288273"",""-79.213246"",""114.00"",""2.40"",""944.10"",""20.82"",""10"",""Rechazada"",""Sí"","""""
"2026-08-02T20:21:13.894Z,""E6"",""Datos móviles"",""No"",""Fuera"",""-0.288273"",""-79.213246"",""114.00"",""3.60"",""1037.20"",""20.82"",""10"",""Rechazada"",""Sí"","""""
"2026-08-02T20:21:14.303Z,""E6"",""Datos móviles"",""No"",""Fuera"",""-0.288273"",""-79.213246"",""114.00"",""3.00"",""1023.90"",""20.82"",""10"",""Rechazada"",""Sí"","""""
"2026-08-02T20:21:14.713Z,""E6"",""Datos móviles"",""No"",""Fuera"",""-0.288273"",""-79.213246"",""114.00"",""2.60"",""968.40"",""20.82"",""10"",""Rechazada"",""Sí"","""""
"2026-08-02T20:21:15.023Z,""E6"",""Datos móviles"",""No"",""Fuera"",""-0.288273"",""-79.213246"",""114.00"",""2.70"",""834.80"",""20.82"",""10"",""Rechazada"",""Sí"","""""
"2026-08-02T20:21:15.532Z,""E6"",""Datos móviles"",""No"",""Fuera"",""-0.288273"",""-79.213246"",""114.00"",""3.70"",""884.80"",""20.82"",""10"",""Rechazada"",""Sí"","""""
"2026-08-02T20:21:15.881Z,""E6"",""Datos móviles"",""No"",""Fuera"",""-0.288273"",""-79.213246"",""114.00"",""2.30"",""831.30"",""20.82"",""10"",""Rechazada"",""Sí"","""""
"2026-08-02T20:21:16.251Z,""E6"",""Datos móviles"",""No"",""Fuera"",""-0.288273"",""-79.213246"",""114.00"",""3.00"",""776.40"",""20.82"",""10"",""Rechazada"",""Sí"","""""
"2026-08-02T20:21:16.971Z,""E6"",""Datos móviles"",""No"",""Fuera"",""-0.288273"",""-79.213246"",""114.00"",""3.10"",""1065.40"",""20.82"",""10"",""Rechazada"",""Sí"","""""
"2026-08-02T20:21:17.477Z,""E6"",""Datos móviles"",""No"",""Fuera"",""-0.288273"",""-79.213246"",""114.00"",""3.10"",""1155.30"",""20.82"",""10"",""Rechazada"",""Sí"","""""
"2026-08-02T20:21:17.848Z,""E6"",""Datos móviles"",""No"",""Fuera"",""-0.288273"",""-79.213246"",""114.00"",""2.80"",""1151.00"",""20.82"",""10"",""Rechazada"",""Sí"","""""
"2026-08-02T20:21:18.300Z,""E6"",""Datos móviles"",""No"",""Fuera"",""-0.288273"",""-79.213246"",""114.00"",""3.60"",""1143.00"",""20.82"",""10"",""Rechazada"",""Sí"","""""
"2026-08-02T20:21:19.557Z,""E6"",""Datos móviles"",""No"",""Fuera"",""-0.288273"",""-79.213246"",""114.00"",""2.20"",""1950.20"",""20.82"",""10"",""Rechazada"",""Sí"","""""
"2026-08-02T20:21:20.154Z,""E6"",""Datos móviles"",""No"",""Fuera"",""-0.288273"",""-79.213246"",""114.00"",""3.00"",""2136.20"",""20.82"",""10"",""Rechazada"",""Sí"","""""
"2026-08-02T20:21:20.564Z,""E6"",""Datos móviles"",""No"",""Fuera"",""-0.288273"",""-79.213246"",""114.00"",""2.70"",""2143.80"",""20.82"",""10"",""Rechazada"",""Sí"","""""
"2026-08-02T20:21:21.190Z,""E6"",""Datos móviles"",""No"",""Fuera"",""-0.288273"",""-79.213246"",""114.00"",""2.90"",""2380.20"",""20.82"",""10"",""Rechazada"",""Sí"","""""
"2026-08-02T20:21:21.590Z,""E6"",""Datos móviles"",""No"",""Fuera"",""-0.288273"",""-79.213246"",""114.00"",""3.70"",""2390.00"",""20.82"",""10"",""Rechazada"",""Sí"","""""
"2026-08-02T20:23:15.237Z,""E8"",""Datos móviles"",""Sí"",""Fuera"",""-0.288217"",""-79.213202"",""104.00"",""2.10"",""778.30"",""27.49"",""10"",""Rechazada"",""Sí"","""""
"2026-08-02T20:23:15.858Z,""E8"",""Datos móviles"",""Sí"",""Fuera"",""-0.288217"",""-79.213202"",""104.00"",""2.70"",""1002.60"",""27.49"",""10"",""Rechazada"",""Sí"","""""
"2026-08-02T20:23:16.669Z,""E8"",""Datos móviles"",""Sí"",""Fuera"",""-0.288217"",""-79.213202"",""104.00"",""2.50"",""1444.40"",""27.49"",""10"",""Rechazada"",""Sí"","""""
"2026-08-02T20:23:17.081Z,""E8"",""Datos móviles"",""Sí"",""Fuera"",""-0.288217"",""-79.213202"",""104.00"",""3.00"",""1431.40"",""27.49"",""10"",""Rechazada"",""Sí"","""""
"2026-08-02T20:23:18.323Z,""E8"",""Datos móviles"",""Sí"",""Fuera"",""-0.288217"",""-79.213202"",""104.00"",""2.70"",""2292.30"",""27.49"",""10"",""Rechazada"",""Sí"","""""
"2026-08-02T20:23:19.330Z,""E8"",""Datos móviles"",""Sí"",""Fuera"",""-0.288217"",""-79.213202"",""104.00"",""3.30"",""2949.50"",""27.49"",""10"",""Rechazada"",""Sí"","""""
"2026-08-02T20:23:19.844Z,""E8"",""Datos móviles"",""Sí"",""Fuera"",""-0.288217"",""-79.213202"",""104.00"",""2.50"",""3067.10"",""27.49"",""10"",""Rechazada"",""Sí"","""""
"2026-08-02T20:23:20.523Z,""E8"",""Datos móviles"",""Sí"",""Fuera"",""-0.288217"",""-79.213202"",""104.00"",""3.80"",""3361.60"",""27.49"",""10"",""Rechazada"",""Sí"","""""
"2026-08-02T20:23:21.174Z,""E8"",""Datos móviles"",""Sí"",""Fuera"",""-0.288217"",""-79.213202"",""104.00"",""2.90"",""3589.80"",""27.49"",""10"",""Rechazada"",""Sí"","""""
"2026-08-02T20:23:21.686Z,""E8"",""Datos móviles"",""Sí"",""Fuera"",""-0.288217"",""-79.213202"",""104.00"",""3.20"",""3772.70"",""27.49"",""10"",""Rechazada"",""Sí"","""""
"2026-08-02T20:23:22.199Z,""E8"",""Datos móviles"",""Sí"",""Fuera"",""-0.288217"",""-79.213202"",""104.00"",""2.50"",""3898.20"",""27.49"",""10"",""Rechazada"",""Sí"","""""
"2026-08-02T20:23:22.709Z,""E8"",""Datos móviles"",""Sí"",""Fuera"",""-0.288217"",""-79.213202"",""104.00"",""2.50"",""4079.40"",""27.49"",""10"",""Rechazada"",""Sí"","""""
"2026-08-02T20:23:23.227Z,""E8"",""Datos móviles"",""Sí"",""Fuera"",""-0.288217"",""-79.213202"",""104.00"",""3.40"",""4241.20"",""27.49"",""10"",""Rechazada"",""Sí"","""""
"2026-08-02T20:23:23.848Z,""E8"",""Datos móviles"",""Sí"",""Fuera"",""-0.288217"",""-79.213202"",""104.00"",""4.50"",""4559.30"",""27.49"",""10"",""Rechazada"",""Sí"","""""
"2026-08-02T20:23:24.965Z,""E8"",""Datos móviles"",""Sí"",""Fuera"",""-0.288206"",""-79.213164"",""105.00"",""3.00"",""5294.80"",""29.70"",""10"",""Rechazada"",""Sí"","""""
"2026-08-02T20:23:25.431Z,""E8"",""Datos móviles"",""Sí"",""Fuera"",""-0.288206"",""-79.213164"",""105.00"",""2.60"",""5433.80"",""29.70"",""10"",""Rechazada"",""Sí"","""""
"2026-08-02T20:23:26.029Z,""E8"",""Datos móviles"",""Sí"",""Fuera"",""-0.288206"",""-79.213164"",""105.00"",""3.40"",""5687.90"",""29.70"",""10"",""Rechazada"",""Sí"","""""
"2026-08-02T20:23:27.013Z,""E8"",""Datos móviles"",""Sí"",""Fuera"",""-0.288206"",""-79.213164"",""105.00"",""3.60"",""6310.30"",""29.70"",""10"",""Rechazada"",""Sí"","""""
"2026-08-02T20:23:27.795Z,""E8"",""Datos móviles"",""Sí"",""Fuera"",""-0.288206"",""-79.213164"",""105.00"",""2.70"",""6771.80"",""29.70"",""10"",""Rechazada"",""Sí"","""""
"2026-08-02T20:23:28.446Z,""E8"",""Datos móviles"",""Sí"",""Fuera"",""-0.288206"",""-79.213164"",""105.00"",""2.90"",""7129.00"",""29.70"",""10"",""Rechazada"",""Sí"","""""
"2026-08-02T20:24:34.060Z,""E7"",""Wi-Fi"",""Sí"",""Fuera"",""-0.288209"",""-79.213171"",""107.00"",""3.30"",""562.30"",""29.18"",""10"",""Rechazada"",""Sí"","""""
"2026-08-02T20:24:34.666Z,""E7"",""Wi-Fi"",""Sí"",""Fuera"",""-0.288209"",""-79.213171"",""107.00"",""4.30"",""832.10"",""29.18"",""10"",""Rechazada"",""Sí"","""""
"2026-08-02T20:24:35.324Z,""E7"",""Wi-Fi"",""Sí"",""Fuera"",""-0.288209"",""-79.213171"",""107.00"",""2.80"",""1149.70"",""29.18"",""10"",""Rechazada"",""Sí"","""""
"2026-08-02T20:24:35.885Z,""E7"",""Wi-Fi"",""Sí"",""Fuera"",""-0.288209"",""-79.213171"",""107.00"",""2.60"",""1314.50"",""29.18"",""10"",""Rechazada"",""Sí"","""""
"2026-08-02T20:24:36.462Z,""E7"",""Wi-Fi"",""Sí"",""Fuera"",""-0.288209"",""-79.213171"",""107.00"",""2.50"",""1521.70"",""29.18"",""10"",""Rechazada"",""Sí"","""""
"2026-08-02T20:24:37.049Z,""E7"",""Wi-Fi"",""Sí"",""Fuera"",""-0.288209"",""-79.213171"",""107.00"",""2.70"",""1787.90"",""29.18"",""10"",""Rechazada"",""Sí"","""""
"2026-08-02T20:24:37.688Z,""E7"",""Wi-Fi"",""Sí"",""Fuera"",""-0.288209"",""-79.213171"",""107.00"",""2.80"",""2064.90"",""29.18"",""10"",""Rechazada"",""Sí"","""""
"2026-08-02T20:24:38.750Z,""E7"",""Wi-Fi"",""Sí"",""Fuera"",""-0.288209"",""-79.213171"",""107.00"",""3.20"",""2796.90"",""29.18"",""10"",""Rechazada"",""Sí"","""""
"2026-08-02T20:24:40.059Z,""E7"",""Wi-Fi"",""Sí"",""Fuera"",""-0.288209"",""-79.213171"",""107.00"",""3.00"",""3765.20"",""29.18"",""10"",""Rechazada"",""Sí"","""""
"2026-08-02T20:24:40.673Z,""E7"",""Wi-Fi"",""Sí"",""Fuera"",""-0.288209"",""-79.213171"",""107.00"",""2.80"",""4043.60"",""29.18"",""10"",""Rechazada"",""Sí"","""""
"2026-08-02T20:24:41.288Z,""E7"",""Wi-Fi"",""Sí"",""Fuera"",""-0.288209"",""-79.213171"",""107.00"",""2.70"",""4350.70"",""29.18"",""10"",""Rechazada"",""Sí"","""""
"2026-08-02T20:24:41.888Z,""E7"",""Wi-Fi"",""Sí"",""Fuera"",""-0.288209"",""-79.213171"",""107.00"",""4.70"",""4634.50"",""29.18"",""10"",""Rechazada"",""Sí"","""""
"2026-08-02T20:24:42.459Z,""E7"",""Wi-Fi"",""Sí"",""Fuera"",""-0.288209"",""-79.213171"",""107.00"",""3.60"",""4878.60"",""29.18"",""10"",""Rechazada"",""Sí"","""""
"2026-08-02T20:24:42.788Z,""E7"",""Wi-Fi"",""Sí"",""Fuera"",""-0.288209"",""-79.213171"",""107.00"",""2.70"",""4907.20"",""29.18"",""10"",""Rechazada"",""Sí"","""""
"2026-08-02T20:24:43.116Z,""E7"",""Wi-Fi"",""Sí"",""Fuera"",""-0.288209"",""-79.213171"",""107.00"",""3.00"",""4912.90"",""29.18"",""10"",""Rechazada"",""Sí"","""""
"2026-08-02T20:24:43.619Z,""E7"",""Wi-Fi"",""Sí"",""Fuera"",""-0.288209"",""-79.213171"",""107.00"",""5.10"",""5120.20"",""29.18"",""10"",""Rechazada"",""Sí"","""""
"2026-08-02T20:24:44.133Z,""E7"",""Wi-Fi"",""Sí"",""Fuera"",""-0.288209"",""-79.213171"",""107.00"",""4.20"",""5280.10"",""29.18"",""10"",""Rechazada"",""Sí"","""""
"2026-08-02T20:24:44.636Z,""E7"",""Wi-Fi"",""Sí"",""Fuera"",""-0.288209"",""-79.213171"",""107.00"",""2.70"",""5491.10"",""29.18"",""10"",""Rechazada"",""Sí"","""""
"2026-08-02T20:24:44.961Z,""E7"",""Wi-Fi"",""Sí"",""Fuera"",""-0.288209"",""-79.213171"",""107.00"",""2.70"",""5481.50"",""29.18"",""10"",""Rechazada"",""Sí"","""""
"2026-08-02T20:24:45.510Z,""E7"",""Wi-Fi"",""Sí"",""Fuera"",""-0.288209"",""-79.213171"",""107.00"",""2.50"",""5756.90"",""29.18"",""10"",""Rechazada"",""Sí"","""""
"2026-08-02T20:25:35.976Z,""E5"",""Wi-Fi"",""No"",""Fuera"",""-0.288246"",""-79.213180"",""107.00"",""3.90"",""305.20"",""24.92"",""10"",""Rechazada"",""Sí"","""""
"2026-08-02T20:25:36.628Z,""E5"",""Wi-Fi"",""No"",""Fuera"",""-0.288246"",""-79.213180"",""107.00"",""16.20"",""609.30"",""24.92"",""10"",""Rechazada"",""Sí"","""""
"2026-08-02T20:25:36.836Z,""E5"",""Wi-Fi"",""No"",""Fuera"",""-0.288246"",""-79.213180"",""107.00"",""3.20"",""481.20"",""24.92"",""10"",""Rechazada"",""Sí"","""""
"2026-08-02T20:25:37.401Z,""E5"",""Wi-Fi"",""No"",""Fuera"",""-0.288246"",""-79.213180"",""107.00"",""2.40"",""705.80"",""24.92"",""10"",""Rechazada"",""Sí"","""""
"2026-08-02T20:25:37.810Z,""E5"",""Wi-Fi"",""No"",""Fuera"",""-0.288246"",""-79.213180"",""107.00"",""2.10"",""759.80"",""24.92"",""10"",""Rechazada"",""Sí"","""""
"2026-08-02T20:25:38.220Z,""E5"",""Wi-Fi"",""No"",""Fuera"",""-0.288246"",""-79.213180"",""107.00"",""2.60"",""840.70"",""24.92"",""10"",""Rechazada"",""Sí"","""""
"2026-08-02T20:25:38.634Z,""E5"",""Wi-Fi"",""No"",""Fuera"",""-0.288246"",""-79.213180"",""107.00"",""2.90"",""925.90"",""24.92"",""10"",""Rechazada"",""Sí"","""""
"2026-08-02T20:25:39.040Z,""E5"",""Wi-Fi"",""No"",""Fuera"",""-0.288246"",""-79.213180"",""107.00"",""2.90"",""1002.90"",""24.92"",""10"",""Rechazada"",""Sí"","""""
"2026-08-02T20:25:39.256Z,""E5"",""Wi-Fi"",""No"",""Fuera"",""-0.288246"",""-79.213180"",""107.00"",""2.60"",""844.00"",""24.92"",""10"",""Rechazada"",""Sí"","""""
"2026-08-02T20:25:39.460Z,""E5"",""Wi-Fi"",""No"",""Fuera"",""-0.288246"",""-79.213180"",""107.00"",""3.50"",""705.00"",""24.92"",""10"",""Rechazada"",""Sí"","""""
"2026-08-02T20:25:39.662Z,""E5"",""Wi-Fi"",""No"",""Fuera"",""-0.288246"",""-79.213180"",""107.00"",""2.90"",""558.70"",""24.92"",""10"",""Rechazada"",""Sí"","""""
"2026-08-02T20:25:40.152Z,""E5"",""Wi-Fi"",""No"",""Fuera"",""-0.288247"",""-79.213188"",""112.00"",""3.50"",""692.20"",""24.58"",""10"",""Rechazada"",""Sí"","""""
"2026-08-02T20:25:40.346Z,""E5"",""Wi-Fi"",""No"",""Fuera"",""-0.288247"",""-79.213188"",""112.00"",""2.80"",""517.80"",""24.58"",""10"",""Rechazada"",""Sí"","""""
"2026-08-02T20:25:40.542Z,""E5"",""Wi-Fi"",""No"",""Fuera"",""-0.288247"",""-79.213188"",""112.00"",""2.50"",""364.70"",""24.58"",""10"",""Rechazada"",""Sí"","""""
"2026-08-02T20:25:40.737Z,""E5"",""Wi-Fi"",""No"",""Fuera"",""-0.288247"",""-79.213188"",""112.00"",""2.70"",""211.30"",""24.58"",""10"",""Rechazada"",""Sí"","""""
"2026-08-02T20:25:41.022Z,""E5"",""Wi-Fi"",""No"",""Fuera"",""-0.288247"",""-79.213188"",""112.00"",""2.90"",""201.80"",""24.58"",""10"",""Rechazada"",""Sí"","""""
"2026-08-02T20:25:41.354Z,""E5"",""Wi-Fi"",""No"",""Fuera"",""-0.288247"",""-79.213188"",""112.00"",""3.00"",""198.20"",""24.58"",""10"",""Rechazada"",""Sí"","""""
"2026-08-02T20:25:41.684Z,""E5"",""Wi-Fi"",""No"",""Fuera"",""-0.288247"",""-79.213188"",""112.00"",""2.80"",""235.00"",""24.58"",""10"",""Rechazada"",""Sí"","""""
"2026-08-02T20:25:42.122Z,""E5"",""Wi-Fi"",""No"",""Fuera"",""-0.288247"",""-79.213188"",""112.00"",""4.40"",""369.70"",""24.58"",""10"",""Rechazada"",""Sí"","""""
"2026-08-02T20:25:42.327Z,""E5"",""Wi-Fi"",""No"",""Fuera"",""-0.288247"",""-79.213188"",""112.00"",""2.70"",""290.30"",""24.58"",""10"",""Rechazada"",""Sí"","""""
