Fecha_Hora,Escenario,Dispositivo,Conexion,VPN,Posicion_Esperada,Tipo_Lectura,Distancia_Real_m,Error_Horizontal_m,Latitud,Longitud,Precision_m,Tiempo_Geo_ms,Tiempo_RTT_ms,Tiempo_Backend_ms,Distancia_App_m,Radio_Geocerca_m,Validacion,Validacion_Correcta,Error
2026-08-05T18:00:00Z,E4,POCO X6 Pro 5G (Android),Datos móviles,Sí,Dentro,Fresh Fix (maximumAge=0),2,4.76,-0.288345,-79.213255,7.93,877.89,4593.65,134.28,6.17,10,Aceptada,Sí,
2026-08-05T22:53:00Z,E6,Acer Aspire A515-57 (Windows),Datos móviles,No,Fuera,Cached Fix (maximumAge=300000),11,6.56,-0.288443,-79.213243,107.03,5.09,591.57,152.19,4.78,10,Aceptada,No,
2026-08-06T00:13:00Z,E6,POCO X6 Pro 5G (Android),Datos móviles,No,Fuera,Cached Fix (maximumAge=300000),11,4.19,-0.288277,-79.213323,12.22,4.5,351.19,134.13,13.78,10,Rechazada,Sí,
2026-08-05T10:39:00Z,E2,Acer Aspire A515-57 (Windows),Datos móviles,No,Dentro,Fresh Fix (maximumAge=0),2,17.22,-0.288399,-79.213199,101.54,3919.75,591.67,133.15,0.1,10,Aceptada,Sí,
2026-08-05T08:34:00Z,E1,Acer Aspire A515-57 (Windows),Wi-Fi,No,Dentro,Fresh Fix (maximumAge=0),9,15.33,-0.288587,-79.213013,104.93,3158.57,185.85,131.33,21.03,10,Rechazada,No,
2026-08-05T20:40:00Z,E5,POCO X6 Pro 5G (Android),Wi-Fi,No,Fuera,Fresh Fix (maximumAge=0),11,4.33,-0.288524,-79.213324,12.6,1233.81,216.83,122.95,13.88,10,Rechazada,Sí,
2026-08-05T17:43:00Z,E4,POCO X6 Pro 5G (Android),Datos móviles,Sí,Dentro,Fresh Fix (maximumAge=0),2,15.96,-0.288399,-79.213199,9.66,775.79,4888.65,116.12,0.1,10,Aceptada,Sí,
2026-08-05T18:28:00Z,E4,POCO X6 Pro 5G (Android),Datos móviles,Sí,Dentro,Fresh Fix (maximumAge=0),9,17.49,-0.288401,-79.213201,8.74,1576.78,4500.81,159.45,0.1,10,Aceptada,Sí,
2026-08-06T02:12:00Z,E7,POCO X6 Pro 5G (Android),Wi-Fi,Sí,Fuera,Fresh Fix (maximumAge=0),11,2.53,-0.288323,-79.213277,9.55,1573.11,2318.01,163.43,8.61,10,Aceptada,No,
2026-08-05T16:22:00Z,E4,Acer Aspire A515-57 (Windows),Datos móviles,Sí,Dentro,Fresh Fix (maximumAge=0),2,9.48,-0.288401,-79.213201,92.3,2526.69,5219.79,152.51,0.1,10,Aceptada,Sí,
2026-08-06T03:36:00Z,E7,POCO X6 Pro 5G (Android),Wi-Fi,Sí,Fuera,Cached Fix (maximumAge=300000),20,3.19,-0.2886,-79.213,9.4,5.19,2768.63,131.21,22.49,10,Rechazada,Sí,
2026-08-05T23:32:00Z,E6,POCO X6 Pro 5G (Android),Datos móviles,No,Fuera,Fresh Fix (maximumAge=0),11,2.62,-0.288483,-79.213283,14.51,1247.53,519.59,128.33,9.37,10,Aceptada,No,
2026-08-06T02:27:00Z,E7,POCO X6 Pro 5G (Android),Wi-Fi,Sí,Fuera,Fresh Fix (maximumAge=0),11,4.11,-0.28853,-79.21307,9.68,1131.34,3214.49,156.47,14.61,10,Rechazada,Sí,
2026-08-05T23:49:00Z,E6,POCO X6 Pro 5G (Android),Datos móviles,No,Fuera,Fresh Fix (maximumAge=0),20,2.66,-0.288199,-79.213401,10.19,1193.46,765.19,151.09,22.57,10,Rechazada,Sí,
2026-08-06T03:49:00Z,E8,Acer Aspire A515-57 (Windows),Datos móviles,Sí,Fuera,Fresh Fix (maximumAge=0),11,7.53,-0.288441,-79.213241,96.98,3400.55,5103.72,150.09,4.58,10,Aceptada,No,
2026-08-06T01:20:00Z,E7,Acer Aspire A515-57 (Windows),Wi-Fi,Sí,Fuera,Fresh Fix (maximumAge=0),20,9.02,-0.288272,-79.213072,134.17,3404.38,2360.78,111.67,14.44,10,Rechazada,Sí,
2026-08-05T20:21:00Z,E5,Acer Aspire A515-57 (Windows),Wi-Fi,No,Fuera,Cached Fix (maximumAge=300000),20,9.09,-0.288274,-79.213074,117.42,3.1,183.74,131.23,14.2,10,Rechazada,Sí,
2026-08-06T00:11:00Z,E6,POCO X6 Pro 5G (Android),Datos móviles,No,Fuera,Cached Fix (maximumAge=300000),11,3.57,-0.288325,-79.213275,15.18,2.99,602.72,129.14,8.47,10,Aceptada,No,
2026-08-05T20:09:00Z,E5,Acer Aspire A515-57 (Windows),Wi-Fi,No,Fuera,Cached Fix (maximumAge=300000),11,12.92,-0.288572,-79.213372,117.52,6.49,177.97,161.52,19.33,10,Rechazada,Sí,
2026-08-05T14:23:00Z,E3,Acer Aspire A515-57 (Windows),Wi-Fi,Sí,Dentro,Cached Fix (maximumAge=300000),2,17.06,-0.288401,-79.213199,106.03,3.17,1994.71,142.54,0.1,10,Aceptada,Sí,
2026-08-05T13:09:00Z,E2,POCO X6 Pro 5G (Android),Datos móviles,No,Dentro,Cached Fix (maximumAge=300000),9,4.89,-0.288441,-79.213241,7.61,4.9,805.73,160.4,4.62,10,Aceptada,Sí,
2026-08-06T06:14:00Z,E8,POCO X6 Pro 5G (Android),Datos móviles,Sí,Fuera,Cached Fix (maximumAge=300000),11,2.51,-0.288317,-79.213283,13.32,3.65,3924.71,163.42,9.29,10,Aceptada,No,
2026-08-06T06:37:00Z,E8,POCO X6 Pro 5G (Android),Datos móviles,Sí,Fuera,Cached Fix (maximumAge=300000),20,2.84,-0.288245,-79.213045,7.89,5.83,4550.18,171.1,17.42,10,Rechazada,Sí,
2026-08-05T22:36:00Z,E6,Acer Aspire A515-57 (Windows),Datos móviles,No,Fuera,Fresh Fix (maximumAge=0),20,9.76,-0.288638,-79.212962,132.71,3449.5,506.56,121.34,26.77,10,Rechazada,Sí,
2026-08-05T20:25:00Z,E5,Acer Aspire A515-57 (Windows),Wi-Fi,No,Fuera,Cached Fix (maximumAge=300000),20,18.12,-0.288064,-79.212864,101.4,5.16,140.68,168.97,37.79,10,Rechazada,Sí,
2026-08-05T16:40:00Z,E4,Acer Aspire A515-57 (Windows),Datos móviles,Sí,Dentro,Fresh Fix (maximumAge=0),9,20.45,-0.288399,-79.213199,113.48,3838.48,6053.9,151.86,0.1,10,Aceptada,Sí,
2026-08-05T10:57:00Z,E2,Acer Aspire A515-57 (Windows),Datos móviles,No,Dentro,Fresh Fix (maximumAge=0),2,6.07,-0.288399,-79.213201,93.06,3091.26,656.83,140.34,0.1,10,Aceptada,Sí,
2026-08-06T04:59:00Z,E8,Acer Aspire A515-57 (Windows),Datos móviles,Sí,Fuera,Cached Fix (maximumAge=300000),20,6.77,-0.288268,-79.213332,100.9,4.01,3584.05,159.13,14.87,10,Rechazada,Sí,
2026-08-05T09:33:00Z,E1,POCO X6 Pro 5G (Android),Wi-Fi,No,Dentro,Fresh Fix (maximumAge=0),2,4.15,-0.288399,-79.213199,8.99,1079.38,227.22,147.18,0.1,10,Aceptada,Sí,
2026-08-05T23:30:00Z,E6,Acer Aspire A515-57 (Windows),Datos móviles,No,Fuera,Cached Fix (maximumAge=300000),20,12.76,-0.28814,-79.21346,105.69,3.63,598.8,165.89,29.19,10,Rechazada,Sí,
2026-08-05T21:01:00Z,E5,POCO X6 Pro 5G (Android),Wi-Fi,No,Fuera,Fresh Fix (maximumAge=0),11,6.96,-0.288347,-79.213253,15.98,1177.05,124.53,145.33,5.99,10,Aceptada,No,
2026-08-05T15:18:00Z,E3,POCO X6 Pro 5G (Android),Wi-Fi,Sí,Dentro,Fresh Fix (maximumAge=0),9,3.53,-0.288452,-79.213148,12.15,1539.25,2461.39,100.55,5.89,10,Aceptada,Sí,
2026-08-06T04:45:00Z,E8,Acer Aspire A515-57 (Windows),Datos móviles,Sí,Fuera,Cached Fix (maximumAge=300000),11,12.24,-0.288399,-79.213201,112.17,5.61,3888.96,140.52,0.1,10,Aceptada,No,
2026-08-06T00:34:00Z,E6,POCO X6 Pro 5G (Android),Datos móviles,No,Fuera,Cached Fix (maximumAge=300000),20,3.22,-0.288602,-79.213402,14.97,3.47,509.85,142.55,22.65,10,Rechazada,Sí,
2026-08-06T02:58:00Z,E7,POCO X6 Pro 5G (Android),Wi-Fi,Sí,Fuera,Cached Fix (maximumAge=300000),11,4.88,-0.288458,-79.213142,9.82,1.5,3608.92,160.26,6.57,10,Aceptada,No,
2026-08-05T08:28:00Z,E1,Acer Aspire A515-57 (Windows),Wi-Fi,No,Dentro,Fresh Fix (maximumAge=0),9,11.34,-0.288254,-79.213346,109.62,2827.78,155.88,163.62,16.44,10,Rechazada,No,
2026-08-05T19:05:00Z,E4,POCO X6 Pro 5G (Android),Datos móviles,Sí,Dentro,Cached Fix (maximumAge=300000),9,3.77,-0.288501,-79.213301,6.99,3.82,3857.58,128.09,11.37,10,Rechazada,No,
2026-08-05T16:53:00Z,E4,Acer Aspire A515-57 (Windows),Datos móviles,Sí,Dentro,Fresh Fix (maximumAge=0),9,15.54,-0.288575,-79.213025,116.11,2689.75,3989.84,106.05,19.65,10,Rechazada,No,
2026-08-06T02:10:00Z,E7,POCO X6 Pro 5G (Android),Wi-Fi,Sí,Fuera,Fresh Fix (maximumAge=0),11,2.32,-0.288518,-79.213082,13.51,1032.23,2722.5,152.08,13.3,10,Rechazada,Sí,
2026-08-05T12:09:00Z,E2,POCO X6 Pro 5G (Android),Datos móviles,No,Dentro,Fresh Fix (maximumAge=0),2,5.24,-0.288347,-79.213253,10.53,1226.23,676.88,114.89,5.93,10,Aceptada,Sí,
2026-08-06T00:42:00Z,E6,POCO X6 Pro 5G (Android),Datos móviles,No,Fuera,Cached Fix (maximumAge=300000),20,0.13,-0.288579,-79.213379,17.38,4.73,633.51,141.25,20.1,10,Rechazada,Sí,
2026-08-05T21:56:00Z,E5,POCO X6 Pro 5G (Android),Wi-Fi,No,Fuera,Cached Fix (maximumAge=300000),20,4.83,-0.288605,-79.213405,14.4,4.63,113.22,166.96,23.09,10,Rechazada,Sí,
2026-08-05T16:45:00Z,E4,Acer Aspire A515-57 (Windows),Datos móviles,Sí,Dentro,Fresh Fix (maximumAge=0),9,7.9,-0.288433,-79.213233,124.68,3365.15,5958.1,83.08,3.74,10,Aceptada,Sí,
2026-08-06T01:06:00Z,E7,Acer Aspire A515-57 (Windows),Wi-Fi,Sí,Fuera,Fresh Fix (maximumAge=0),11,11.76,-0.288573,-79.213373,85.63,3824.1,2053.89,133.78,19.39,10,Rechazada,Sí,
2026-08-05T15:58:00Z,E3,POCO X6 Pro 5G (Android),Wi-Fi,Sí,Dentro,Cached Fix (maximumAge=300000),9,1.4,-0.288491,-79.213291,16.55,4.71,2948.17,169.72,10.19,10,Rechazada,No,
2026-08-05T09:39:00Z,E1,POCO X6 Pro 5G (Android),Wi-Fi,No,Dentro,Fresh Fix (maximumAge=0),2,2.92,-0.288399,-79.213201,13.48,1522.31,194.97,158.88,0.1,10,Aceptada,Sí,
2026-08-06T04:23:00Z,E8,Acer Aspire A515-57 (Windows),Datos móviles,Sí,Fuera,Fresh Fix (maximumAge=0),20,13.44,-0.288478,-79.213278,95.33,3287.65,4305.93,173.02,8.79,10,Aceptada,No,
2026-08-05T08:24:00Z,E1,Acer Aspire A515-57 (Windows),Wi-Fi,No,Dentro,Fresh Fix (maximumAge=0),9,5.2,-0.288439,-79.213161,100.66,4837.85,170.45,111.52,4.37,10,Aceptada,Sí,
2026-08-05T17:09:00Z,E4,Acer Aspire A515-57 (Windows),Datos móviles,Sí,Dentro,Cached Fix (maximumAge=300000),2,16.62,-0.288399,-79.213199,103.56,7.36,5372.01,133.91,0.1,10,Aceptada,Sí,
2026-08-06T00:18:00Z,E6,POCO X6 Pro 5G (Android),Datos móviles,No,Fuera,Cached Fix (maximumAge=300000),11,5.08,-0.288462,-79.213138,8.61,3.42,720.75,160.2,7.01,10,Aceptada,No,
2026-08-05T15:53:00Z,E3,POCO X6 Pro 5G (Android),Wi-Fi,Sí,Dentro,Cached Fix (maximumAge=300000),2,4.42,-0.288447,-79.213247,10.85,4.53,2744.89,126.73,5.29,10,Aceptada,Sí,
2026-08-06T04:05:00Z,E8,Acer Aspire A515-57 (Windows),Datos móviles,Sí,Fuera,Fresh Fix (maximumAge=0),20,2.81,-0.288554,-79.213354,118.75,2495.25,5578.61,135.17,17.29,10,Rechazada,Sí,
2026-08-05T21:09:00Z,E5,POCO X6 Pro 5G (Android),Wi-Fi,No,Fuera,Fresh Fix (maximumAge=0),20,2.64,-0.288203,-79.213397,6.85,1425.13,233.27,128.47,22.18,10,Rechazada,Sí,
2026-08-05T15:24:00Z,E3,POCO X6 Pro 5G (Android),Wi-Fi,Sí,Dentro,Fresh Fix (maximumAge=0),9,1.09,-0.288472,-79.213128,9.63,792.14,2604.63,125.74,8.1,10,Aceptada,Sí,
2026-08-05T10:47:00Z,E2,Acer Aspire A515-57 (Windows),Datos móviles,No,Dentro,Fresh Fix (maximumAge=0),2,14.55,-0.288399,-79.213199,120.19,4075.97,355.69,141.06,0.1,10,Aceptada,Sí,
2026-08-05T09:28:00Z,E1,POCO X6 Pro 5G (Android),Wi-Fi,No,Dentro,Fresh Fix (maximumAge=0),2,7.58,-0.288483,-79.213283,9.29,1364.35,132.64,160.48,9.33,10,Aceptada,Sí,
2026-08-05T13:01:00Z,E2,POCO X6 Pro 5G (Android),Datos móviles,No,Dentro,Cached Fix (maximumAge=300000),2,1.97,-0.288432,-79.213232,11.85,3.43,919.62,152.09,3.61,10,Aceptada,Sí,
2026-08-05T18:55:00Z,E4,POCO X6 Pro 5G (Android),Datos móviles,Sí,Dentro,Cached Fix (maximumAge=300000),9,2.4,-0.288493,-79.213293,8.6,4.35,4081.85,129.76,10.48,10,Rechazada,No,
2026-08-06T00:55:00Z,E7,Acer Aspire A515-57 (Windows),Wi-Fi,Sí,Fuera,Fresh Fix (maximumAge=0),11,11.85,-0.288588,-79.213012,117.06,2485.42,2580.4,154.03,21.12,10,Rechazada,Sí,
2026-08-05T09:16:00Z,E1,Acer Aspire A515-57 (Windows),Wi-Fi,No,Dentro,Cached Fix (maximumAge=300000),9,18.84,-0.288173,-79.212973,97.53,2.35,167.11,143.59,25.5,10,Rechazada,No,
2026-08-06T05:42:00Z,E8,POCO X6 Pro 5G (Android),Datos móviles,Sí,Fuera,Fresh Fix (maximumAge=0),20,5.86,-0.28854,-79.21306,8.68,1455.4,3366.09,145.81,15.68,10,Rechazada,Sí,
2026-08-06T05:48:00Z,E8,POCO X6 Pro 5G (Android),Datos móviles,Sí,Fuera,Fresh Fix (maximumAge=0),20,3.71,-0.288607,-79.212993,8.95,1191.5,4869.52,129.03,23.31,10,Rechazada,Sí,
2026-08-06T02:00:00Z,E7,Acer Aspire A515-57 (Windows),Wi-Fi,Sí,Fuera,Cached Fix (maximumAge=300000),20,14.37,-0.288683,-79.213483,102.69,2.15,3095.1,173.55,31.82,10,Rechazada,Sí,
2026-08-05T20:56:00Z,E5,POCO X6 Pro 5G (Android),Wi-Fi,No,Fuera,Fresh Fix (maximumAge=0),11,1.24,-0.288294,-79.213306,5.7,1262.1,152.87,109.1,11.87,10,Rechazada,Sí,
2026-08-05T21:58:00Z,E5,POCO X6 Pro 5G (Android),Wi-Fi,No,Fuera,Cached Fix (maximumAge=300000),20,4.26,-0.288606,-79.213406,15.87,4.62,172.84,155.72,23.14,10,Rechazada,Sí,
2026-08-06T06:23:00Z,E8,POCO X6 Pro 5G (Android),Datos móviles,Sí,Fuera,Cached Fix (maximumAge=300000),20,4.92,-0.288535,-79.213335,13.85,2.17,4872.84,165.77,15.16,10,Rechazada,Sí,
2026-08-05T14:06:00Z,E3,Acer Aspire A515-57 (Windows),Wi-Fi,Sí,Dentro,Cached Fix (maximumAge=300000),2,9.39,-0.288307,-79.213107,118.83,4.21,3140.57,153.68,10.48,10,Rechazada,No,
2026-08-06T05:19:00Z,E8,POCO X6 Pro 5G (Android),Datos móviles,Sí,Fuera,Fresh Fix (maximumAge=0),11,14.47,-0.288399,-79.213201,9.11,1296.61,3869.01,126.87,0.1,10,Aceptada,No,
2026-08-05T15:03:00Z,E3,POCO X6 Pro 5G (Android),Wi-Fi,Sí,Dentro,Fresh Fix (maximumAge=0),2,1.45,-0.288371,-79.213229,9.26,914.06,2001.9,159.38,3.23,10,Aceptada,Sí,
2026-08-06T05:10:00Z,E8,Acer Aspire A515-57 (Windows),Datos móviles,Sí,Fuera,Cached Fix (maximumAge=300000),20,10.57,-0.288309,-79.213109,98.6,2.36,4959.55,138.54,10.21,10,Rechazada,Sí,
2026-08-05T13:57:00Z,E3,Acer Aspire A515-57 (Windows),Wi-Fi,Sí,Dentro,Fresh Fix (maximumAge=0),9,16.43,-0.288203,-79.213003,113.82,2400.68,1914.58,91.66,22.19,10,Rechazada,No,
2026-08-05T13:28:00Z,E3,Acer Aspire A515-57 (Windows),Wi-Fi,Sí,Dentro,Fresh Fix (maximumAge=0),2,9.47,-0.288401,-79.213199,103.16,2719.35,1644.45,133.02,0.1,10,Aceptada,Sí,
2026-08-05T19:52:00Z,E5,Acer Aspire A515-57 (Windows),Wi-Fi,No,Fuera,Fresh Fix (maximumAge=0),20,12.21,-0.288472,-79.213128,126.28,3215.72,174.83,141.27,8.07,10,Aceptada,No,
2026-08-06T06:10:00Z,E8,POCO X6 Pro 5G (Android),Datos móviles,Sí,Fuera,Cached Fix (maximumAge=300000),11,2.43,-0.288513,-79.213313,12.2,1.5,4876.79,120.21,12.66,10,Rechazada,Sí,
2026-08-05T23:27:00Z,E6,Acer Aspire A515-57 (Windows),Datos móviles,No,Fuera,Cached Fix (maximumAge=300000),20,16.76,-0.288318,-79.213118,122.51,3.83,798.83,114.93,9.16,10,Aceptada,No,
2026-08-05T14:51:00Z,E3,POCO X6 Pro 5G (Android),Wi-Fi,Sí,Dentro,Fresh Fix (maximumAge=0),2,2.6,-0.288404,-79.213204,13.75,1024.36,3077.76,134.11,0.4,10,Aceptada,Sí,
2026-08-06T06:34:00Z,E8,POCO X6 Pro 5G (Android),Datos móviles,Sí,Fuera,Cached Fix (maximumAge=300000),20,4.03,-0.288607,-79.212993,17.78,4.52,4968.8,174.98,23.31,10,Rechazada,Sí,
2026-08-05T17:13:00Z,E4,Acer Aspire A515-57 (Windows),Datos móviles,Sí,Dentro,Cached Fix (maximumAge=300000),2,11.55,-0.28832,-79.21312,97.54,4.66,4782.1,138.37,8.97,10,Aceptada,Sí,
2026-08-06T00:52:00Z,E7,Acer Aspire A515-57 (Windows),Wi-Fi,Sí,Fuera,Fresh Fix (maximumAge=0),11,6.74,-0.288362,-79.213238,108.03,3314.05,2819.45,138.16,4.29,10,Aceptada,No,
2026-08-06T00:31:00Z,E6,POCO X6 Pro 5G (Android),Datos móviles,No,Fuera,Cached Fix (maximumAge=300000),20,1.68,-0.288588,-79.213388,11.98,4.94,610.23,161.11,21.07,10,Rechazada,Sí,
2026-08-05T13:52:00Z,E3,Acer Aspire A515-57 (Windows),Wi-Fi,Sí,Dentro,Fresh Fix (maximumAge=0),9,12.34,-0.288579,-79.213379,92.77,3309.79,2075.48,144.04,20.12,10,Rechazada,No,
2026-08-05T12:12:00Z,E2,POCO X6 Pro 5G (Android),Datos móviles,No,Dentro,Fresh Fix (maximumAge=0),2,0.55,-0.288386,-79.213186,10.68,945.52,656.16,142.55,1.55,10,Aceptada,Sí,
2026-08-05T11:46:00Z,E2,Acer Aspire A515-57 (Windows),Datos móviles,No,Dentro,Cached Fix (maximumAge=300000),9,10.39,-0.288546,-79.213054,83.59,3.93,614.95,96.19,16.44,10,Rechazada,No,
2026-08-05T12:20:00Z,E2,POCO X6 Pro 5G (Android),Datos móviles,No,Dentro,Fresh Fix (maximumAge=0),2,4.07,-0.288453,-79.213253,8.65,1448.29,824.68,173.8,6.0,10,Aceptada,Sí,
2026-08-05T19:29:00Z,E5,Acer Aspire A515-57 (Windows),Wi-Fi,No,Fuera,Fresh Fix (maximumAge=0),20,11.74,-0.288648,-79.213448,123.19,3730.98,190.88,169.1,27.87,10,Rechazada,Sí,
2026-08-06T01:50:00Z,E7,Acer Aspire A515-57 (Windows),Wi-Fi,Sí,Fuera,Cached Fix (maximumAge=300000),20,4.29,-0.288194,-79.213406,110.02,3.45,1877.63,155.06,23.18,10,Rechazada,Sí,
2026-08-05T22:17:00Z,E6,Acer Aspire A515-57 (Windows),Datos móviles,No,Fuera,Fresh Fix (maximumAge=0),11,0.38,-0.288305,-79.213295,110.96,1728.91,570.55,189.25,10.71,10,Rechazada,Sí,
2026-08-06T00:28:00Z,E6,POCO X6 Pro 5G (Android),Datos móviles,No,Fuera,Cached Fix (maximumAge=300000),11,1.53,-0.288488,-79.213288,13.75,5.67,833.83,145.94,9.92,10,Aceptada,No,
2026-08-05T11:03:00Z,E2,Acer Aspire A515-57 (Windows),Datos móviles,No,Dentro,Fresh Fix (maximumAge=0),9,15.76,-0.288401,-79.213201,87.61,3978.47,776.25,146.3,0.1,10,Aceptada,Sí,
2026-08-06T00:59:00Z,E7,Acer Aspire A515-57 (Windows),Wi-Fi,Sí,Fuera,Fresh Fix (maximumAge=0),11,13.08,-0.288589,-79.213389,113.66,3195.81,2663.84,124.88,21.22,10,Rechazada,Sí,
2026-08-06T02:54:00Z,E7,POCO X6 Pro 5G (Android),Wi-Fi,Sí,Fuera,Cached Fix (maximumAge=300000),11,2.86,-0.288279,-79.213079,6.24,4.49,2019.21,86.61,13.61,10,Rechazada,Sí,
2026-08-05T23:41:00Z,E6,POCO X6 Pro 5G (Android),Datos móviles,No,Fuera,Fresh Fix (maximumAge=0),11,4.84,-0.288467,-79.213133,10.4,1039.26,765.56,85.67,7.54,10,Aceptada,No,
2026-08-05T14:47:00Z,E3,Acer Aspire A515-57 (Windows),Wi-Fi,Sí,Dentro,Cached Fix (maximumAge=300000),9,10.42,-0.288233,-79.213033,90.58,3.05,2445.75,166.7,18.72,10,Rechazada,No,
2026-08-05T11:33:00Z,E2,Acer Aspire A515-57 (Windows),Datos móviles,No,Dentro,Cached Fix (maximumAge=300000),2,12.51,-0.288288,-79.213088,83.46,5.74,516.31,131.32,12.55,10,Rechazada,No,
2026-08-05T13:24:00Z,E3,Acer Aspire A515-57 (Windows),Wi-Fi,Sí,Dentro,Fresh Fix (maximumAge=0),2,12.12,-0.288506,-79.213306,137.39,3613.73,3065.41,107.47,11.89,10,Rechazada,No,
2026-08-05T12:52:00Z,E2,POCO X6 Pro 5G (Android),Datos móviles,No,Dentro,Cached Fix (maximumAge=300000),2,1.81,-0.288398,-79.213202,7.52,1.5,604.44,125.4,0.23,10,Aceptada,Sí,
2026-08-05T10:28:00Z,E1,POCO X6 Pro 5G (Android),Wi-Fi,No,Dentro,Cached Fix (maximumAge=300000),9,3.19,-0.288341,-79.213141,7.8,4.84,193.78,166.49,6.59,10,Aceptada,Sí,
2026-08-05T08:57:00Z,E1,Acer Aspire A515-57 (Windows),Wi-Fi,No,Dentro,Cached Fix (maximumAge=300000),2,14.86,-0.288267,-79.213067,99.67,4.53,188.1,123.85,14.93,10,Rechazada,No,
2026-08-05T17:31:00Z,E4,Acer Aspire A515-57 (Windows),Datos móviles,Sí,Dentro,Cached Fix (maximumAge=300000),9,19.63,-0.288618,-79.212982,89.36,3.56,5141.69,141.81,24.46,10,Rechazada,No,
2026-08-05T17:03:00Z,E4,Acer Aspire A515-57 (Windows),Datos móviles,Sí,Dentro,Cached Fix (maximumAge=300000),2,15.87,-0.288401,-79.213201,100.27,4.91,4807.72,142.45,0.1,10,Aceptada,Sí,
2026-08-05T08:20:00Z,E1,Acer Aspire A515-57 (Windows),Wi-Fi,No,Dentro,Fresh Fix (maximumAge=0),2,13.44,-0.288298,-79.213098,113.95,1565.08,247.02,141.12,11.42,10,Rechazada,No,
2026-08-06T03:54:00Z,E8,Acer Aspire A515-57 (Windows),Datos móviles,Sí,Fuera,Fresh Fix (maximumAge=0),11,8.61,-0.28836,-79.21324,94.68,3198.85,6205.01,125.91,4.49,10,Aceptada,No,
2026-08-06T00:03:00Z,E6,POCO X6 Pro 5G (Android),Datos móviles,No,Fuera,Fresh Fix (maximumAge=0),20,1.78,-0.288207,-79.213393,10.38,1263.04,559.87,157.42,21.65,10,Rechazada,Sí,
2026-08-05T19:46:00Z,E5,Acer Aspire A515-57 (Windows),Wi-Fi,No,Fuera,Fresh Fix (maximumAge=0),20,20.74,-0.288419,-79.213219,102.42,2720.66,225.89,137.81,2.16,10,Aceptada,No,
2026-08-05T12:26:00Z,E2,POCO X6 Pro 5G (Android),Datos móviles,No,Dentro,Fresh Fix (maximumAge=0),9,1.25,-0.288329,-79.213129,8.53,1575.34,609.52,131.12,7.92,10,Aceptada,Sí,
2026-08-05T11:41:00Z,E2,Acer Aspire A515-57 (Windows),Datos móviles,No,Dentro,Cached Fix (maximumAge=300000),9,17.47,-0.288223,-79.213377,126.3,3.66,841.78,136.67,19.88,10,Rechazada,No,
2026-08-05T08:09:00Z,E1,Acer Aspire A515-57 (Windows),Wi-Fi,No,Dentro,Fresh Fix (maximumAge=0),2,13.19,-0.288275,-79.213075,95.04,2242.3,204.54,133.65,14.05,10,Rechazada,No,
2026-08-05T21:24:00Z,E5,POCO X6 Pro 5G (Android),Wi-Fi,No,Fuera,Fresh Fix (maximumAge=0),20,1.25,-0.288588,-79.213012,8.69,1322.82,220.6,121.07,21.17,10,Rechazada,Sí,
2026-08-06T03:25:00Z,E7,POCO X6 Pro 5G (Android),Wi-Fi,Sí,Fuera,Cached Fix (maximumAge=300000),20,2.12,-0.288563,-79.213363,12.13,5.64,3595.76,127.36,18.31,10,Rechazada,Sí,
2026-08-05T14:11:00Z,E3,Acer Aspire A515-57 (Windows),Wi-Fi,Sí,Dentro,Cached Fix (maximumAge=300000),2,10.16,-0.28832,-79.21328,123.84,5.33,1809.07,132.94,8.96,10,Aceptada,Sí,
2026-08-06T01:04:00Z,E7,Acer Aspire A515-57 (Windows),Wi-Fi,Sí,Fuera,Fresh Fix (maximumAge=0),11,8.78,-0.288357,-79.213243,91.05,2920.07,2966.25,135.39,4.82,10,Aceptada,No,
2026-08-06T06:12:00Z,E8,POCO X6 Pro 5G (Android),Datos móviles,Sí,Fuera,Cached Fix (maximumAge=300000),11,1.87,-0.288287,-79.213087,13.57,5.18,5193.82,133.62,12.7,10,Rechazada,Sí,
2026-08-06T00:48:00Z,E6,POCO X6 Pro 5G (Android),Datos móviles,No,Fuera,Cached Fix (maximumAge=300000),20,3.9,-0.2886,-79.213,19.07,3.75,873.95,155.05,22.44,10,Rechazada,Sí,
2026-08-05T22:50:00Z,E6,Acer Aspire A515-57 (Windows),Datos móviles,No,Fuera,Cached Fix (maximumAge=300000),11,17.05,-0.288201,-79.213001,145.99,2.56,785.62,131.83,22.34,10,Rechazada,Sí,
2026-08-05T18:33:00Z,E4,POCO X6 Pro 5G (Android),Datos móviles,Sí,Dentro,Cached Fix (maximumAge=300000),2,5.32,-0.288462,-79.213262,9.57,4.95,3484.42,118.01,6.91,10,Aceptada,Sí,
2026-08-05T09:47:00Z,E1,POCO X6 Pro 5G (Android),Wi-Fi,No,Dentro,Fresh Fix (maximumAge=0),9,2.13,-0.288497,-79.213103,9.8,1311.17,227.28,142.61,10.85,10,Rechazada,No,
2026-08-05T11:20:00Z,E2,Acer Aspire A515-57 (Windows),Datos móviles,No,Dentro,Cached Fix (maximumAge=300000),2,10.52,-0.28849,-79.21329,126.34,5.0,832.02,126.28,10.06,10,Rechazada,No,
2026-08-05T13:19:00Z,E2,POCO X6 Pro 5G (Android),Datos móviles,No,Dentro,Cached Fix (maximumAge=300000),9,2.11,-0.288462,-79.213138,9.86,4.74,636.2,136.68,6.91,10,Aceptada,Sí,
2026-08-05T15:32:00Z,E3,POCO X6 Pro 5G (Android),Wi-Fi,Sí,Dentro,Fresh Fix (maximumAge=0),9,2.35,-0.2885,-79.2131,8.58,1151.03,2631.52,131.04,11.2,10,Rechazada,No,
2026-08-06T04:28:00Z,E8,Acer Aspire A515-57 (Windows),Datos móviles,Sí,Fuera,Cached Fix (maximumAge=300000),11,11.9,-0.288403,-79.213203,97.51,2.62,3587.36,152.6,0.36,10,Aceptada,No,
2026-08-06T01:11:00Z,E7,Acer Aspire A515-57 (Windows),Wi-Fi,Sí,Fuera,Fresh Fix (maximumAge=0),20,13.89,-0.288298,-79.213302,77.5,2842.09,3047.13,136.86,11.5,10,Rechazada,Sí,
2026-08-05T20:29:00Z,E5,Acer Aspire A515-57 (Windows),Wi-Fi,No,Fuera,Cached Fix (maximumAge=300000),20,15.89,-0.288112,-79.212912,114.03,4.03,187.73,168.48,32.37,10,Rechazada,Sí,
2026-08-06T06:05:00Z,E8,POCO X6 Pro 5G (Android),Datos móviles,Sí,Fuera,Cached Fix (maximumAge=300000),11,1.1,-0.288308,-79.213108,11.57,5.51,5304.86,138.56,10.28,10,Rechazada,Sí,
2026-08-05T20:14:00Z,E5,Acer Aspire A515-57 (Windows),Wi-Fi,No,Fuera,Cached Fix (maximumAge=300000),11,11.28,-0.288236,-79.213364,95.98,5.62,181.86,147.57,18.43,10,Rechazada,Sí,
2026-08-06T02:33:00Z,E7,POCO X6 Pro 5G (Android),Wi-Fi,Sí,Fuera,Fresh Fix (maximumAge=0),20,3.05,-0.288602,-79.212998,8.16,953.9,3047.43,155.67,22.67,10,Rechazada,Sí,
2026-08-06T03:15:00Z,E7,POCO X6 Pro 5G (Android),Wi-Fi,Sí,Fuera,Cached Fix (maximumAge=300000),20,3.68,-0.288558,-79.213358,10.21,4.34,2242.34,180.73,17.76,10,Rechazada,Sí,
2026-08-05T22:32:00Z,E6,Acer Aspire A515-57 (Windows),Datos móviles,No,Fuera,Fresh Fix (maximumAge=0),20,5.2,-0.28826,-79.21306,113.59,3101.3,864.42,96.34,15.68,10,Rechazada,Sí,
2026-08-05T19:00:00Z,E4,POCO X6 Pro 5G (Android),Datos móviles,Sí,Dentro,Cached Fix (maximumAge=300000),9,5.98,-0.288284,-79.213316,10.1,7.2,5328.7,166.88,13.07,10,Rechazada,No,
2026-08-05T16:14:00Z,E3,POCO X6 Pro 5G (Android),Wi-Fi,Sí,Dentro,Cached Fix (maximumAge=300000),9,4.78,-0.288441,-79.213159,12.55,4.18,2326.58,143.53,4.6,10,Aceptada,Sí,
2026-08-06T04:00:00Z,E8,Acer Aspire A515-57 (Windows),Datos móviles,Sí,Fuera,Fresh Fix (maximumAge=0),20,5.68,-0.28819,-79.21341,104.65,3301.15,5253.87,89.56,23.63,10,Rechazada,Sí,
2026-08-05T22:07:00Z,E6,Acer Aspire A515-57 (Windows),Datos móviles,No,Fuera,Fresh Fix (maximumAge=0),11,11.59,-0.288577,-79.213023,96.13,3929.05,871.68,136.08,19.91,10,Rechazada,Sí,
2026-08-05T11:31:00Z,E2,Acer Aspire A515-57 (Windows),Datos móviles,No,Dentro,Cached Fix (maximumAge=300000),2,17.68,-0.288268,-79.213332,104.4,3.69,630.66,145.65,14.83,10,Rechazada,No,
2026-08-05T22:02:00Z,E5,POCO X6 Pro 5G (Android),Wi-Fi,No,Fuera,Cached Fix (maximumAge=300000),20,4.36,-0.288613,-79.213413,13.56,2.91,168.07,108.78,23.93,10,Rechazada,Sí,
2026-08-05T11:37:00Z,E2,Acer Aspire A515-57 (Windows),Datos móviles,No,Dentro,Cached Fix (maximumAge=300000),2,10.78,-0.288292,-79.213092,114.83,1.5,447.91,189.0,12.18,10,Rechazada,No,
2026-08-05T10:21:00Z,E1,POCO X6 Pro 5G (Android),Wi-Fi,No,Dentro,Cached Fix (maximumAge=300000),2,2.04,-0.288402,-79.213202,10.51,6.02,147.93,174.68,0.25,10,Aceptada,Sí,
2026-08-06T01:45:00Z,E7,Acer Aspire A515-57 (Windows),Wi-Fi,Sí,Fuera,Cached Fix (maximumAge=300000),11,13.23,-0.288416,-79.213216,119.59,3.27,2591.48,129.16,1.78,10,Aceptada,No,
2026-08-05T15:37:00Z,E3,POCO X6 Pro 5G (Android),Wi-Fi,Sí,Dentro,Cached Fix (maximumAge=300000),2,0.45,-0.288385,-79.213185,11.06,3.44,2833.17,170.16,1.65,10,Aceptada,Sí,
2026-08-06T03:09:00Z,E7,POCO X6 Pro 5G (Android),Wi-Fi,Sí,Fuera,Cached Fix (maximumAge=300000),11,1.67,-0.288484,-79.213116,10.77,6.29,2655.59,131.42,9.41,10,Aceptada,No,
2026-08-06T05:16:00Z,E8,POCO X6 Pro 5G (Android),Datos móviles,Sí,Fuera,Fresh Fix (maximumAge=0),11,18.32,-0.288401,-79.213201,14.14,1419.33,5721.96,154.32,0.1,10,Aceptada,No,
2026-08-05T17:54:00Z,E4,POCO X6 Pro 5G (Android),Datos móviles,Sí,Dentro,Fresh Fix (maximumAge=0),2,22.97,-0.288201,-79.213001,11.45,1304.04,5477.78,140.64,22.37,10,Rechazada,No,
2026-08-06T03:21:00Z,E7,POCO X6 Pro 5G (Android),Wi-Fi,Sí,Fuera,Cached Fix (maximumAge=300000),20,1.1,-0.28857,-79.21337,11.73,4.34,3088.54,113.87,19.14,10,Rechazada,Sí,
2026-08-06T03:31:00Z,E7,POCO X6 Pro 5G (Android),Wi-Fi,Sí,Fuera,Cached Fix (maximumAge=300000),20,2.66,-0.288593,-79.213007,18.86,4.21,2085.42,152.29,21.63,10,Rechazada,Sí,
2026-08-05T10:37:00Z,E1,POCO X6 Pro 5G (Android),Wi-Fi,No,Dentro,Cached Fix (maximumAge=300000),9,2.07,-0.288305,-79.213105,15.29,5.25,161.8,158.08,10.65,10,Rechazada,No,
2026-08-05T19:57:00Z,E5,Acer Aspire A515-57 (Windows),Wi-Fi,No,Fuera,Cached Fix (maximumAge=300000),11,9.83,-0.288389,-79.213211,102.43,4.21,189.99,137.96,1.27,10,Aceptada,No,
2026-08-05T09:06:00Z,E1,Acer Aspire A515-57 (Windows),Wi-Fi,No,Dentro,Cached Fix (maximumAge=300000),9,14.77,-0.288199,-79.212999,103.03,4.32,172.45,148.31,22.61,10,Rechazada,No,
2026-08-05T15:06:00Z,E3,POCO X6 Pro 5G (Android),Wi-Fi,Sí,Dentro,Fresh Fix (maximumAge=0),2,4.23,-0.288401,-79.213201,8.01,1264.49,2192.09,145.56,0.1,10,Aceptada,Sí,
2026-08-06T00:38:00Z,E6,POCO X6 Pro 5G (Android),Datos móviles,No,Fuera,Cached Fix (maximumAge=300000),20,2.03,-0.288563,-79.213037,9.77,4.44,558.3,138.32,18.33,10,Rechazada,Sí,
2026-08-06T03:39:00Z,E8,Acer Aspire A515-57 (Windows),Datos móviles,Sí,Fuera,Fresh Fix (maximumAge=0),11,17.19,-0.288399,-79.213199,86.56,3117.49,4850.83,171.5,0.1,10,Aceptada,No,
2026-08-05T21:35:00Z,E5,POCO X6 Pro 5G (Android),Wi-Fi,No,Fuera,Cached Fix (maximumAge=300000),11,2.95,-0.288519,-79.213081,9.93,4.44,187.12,146.92,13.33,10,Rechazada,Sí,
2026-08-06T00:01:00Z,E6,POCO X6 Pro 5G (Android),Datos móviles,No,Fuera,Fresh Fix (maximumAge=0),20,4.65,-0.288615,-79.212985,10.22,1145.36,556.72,144.66,24.13,10,Rechazada,Sí,
2026-08-06T03:06:00Z,E7,POCO X6 Pro 5G (Android),Wi-Fi,Sí,Fuera,Cached Fix (maximumAge=300000),11,2.15,-0.288512,-79.213312,12.75,5.78,2628.09,146.98,12.64,10,Rechazada,Sí,
2026-08-06T01:47:00Z,E7,Acer Aspire A515-57 (Windows),Wi-Fi,Sí,Fuera,Cached Fix (maximumAge=300000),20,9.46,-0.288512,-79.213312,82.09,6.86,2277.5,162.3,12.58,10,Rechazada,Sí,
2026-08-06T02:38:00Z,E7,POCO X6 Pro 5G (Android),Wi-Fi,Sí,Fuera,Fresh Fix (maximumAge=0),20,4.81,-0.288606,-79.213406,11.39,1525.42,2336.78,133.73,23.12,10,Rechazada,Sí,
2026-08-05T18:53:00Z,E4,POCO X6 Pro 5G (Android),Datos móviles,Sí,Dentro,Cached Fix (maximumAge=300000),9,4.15,-0.288347,-79.213253,12.19,3.97,5170.76,137.11,5.92,10,Aceptada,Sí,
2026-08-05T10:07:00Z,E1,POCO X6 Pro 5G (Android),Wi-Fi,No,Dentro,Cached Fix (maximumAge=300000),2,3.44,-0.288399,-79.213201,16.69,6.44,119.5,143.27,0.1,10,Aceptada,Sí,
2026-08-06T04:17:00Z,E8,Acer Aspire A515-57 (Windows),Datos móviles,Sí,Fuera,Fresh Fix (maximumAge=0),20,12.88,-0.288131,-79.212931,111.06,2866.75,5270.4,177.59,30.17,10,Rechazada,Sí,
2026-08-05T18:11:00Z,E4,POCO X6 Pro 5G (Android),Datos móviles,Sí,Dentro,Fresh Fix (maximumAge=0),9,3.75,-0.28835,-79.21315,8.82,1887.08,5416.45,158.03,5.6,10,Aceptada,Sí,
2026-08-05T22:22:00Z,E6,Acer Aspire A515-57 (Windows),Datos móviles,No,Fuera,Fresh Fix (maximumAge=0),11,8.48,-0.288366,-79.213166,112.87,2729.96,524.61,148.41,3.87,10,Aceptada,No,
2026-08-05T13:39:00Z,E3,Acer Aspire A515-57 (Windows),Wi-Fi,Sí,Dentro,Fresh Fix (maximumAge=0),2,13.67,-0.288278,-79.213078,96.29,2564.74,1857.05,148.53,13.74,10,Rechazada,No,
2026-08-05T20:19:00Z,E5,Acer Aspire A515-57 (Windows),Wi-Fi,No,Fuera,Cached Fix (maximumAge=300000),11,20.36,-0.288125,-79.213475,110.24,1.56,224.17,115.52,30.94,10,Rechazada,Sí,
2026-08-05T13:48:00Z,E3,Acer Aspire A515-57 (Windows),Wi-Fi,Sí,Dentro,Fresh Fix (maximumAge=0),9,15.49,-0.288567,-79.213033,109.42,3292.16,2321.14,152.91,18.8,10,Rechazada,No,
2026-08-05T21:03:00Z,E5,POCO X6 Pro 5G (Android),Wi-Fi,No,Fuera,Fresh Fix (maximumAge=0),20,1.51,-0.288589,-79.213011,5.29,1180.07,141.25,112.46,21.29,10,Rechazada,Sí,
2026-08-05T15:12:00Z,E3,POCO X6 Pro 5G (Android),Wi-Fi,Sí,Dentro,Fresh Fix (maximumAge=0),2,0.39,-0.288379,-79.213221,12.3,1269.72,2698.75,168.6,2.38,10,Aceptada,Sí,
2026-08-05T18:50:00Z,E4,POCO X6 Pro 5G (Android),Datos móviles,Sí,Dentro,Cached Fix (maximumAge=300000),2,2.06,-0.288405,-79.213195,8.59,6.67,4748.3,143.83,0.58,10,Aceptada,Sí,
2026-08-05T08:45:00Z,E1,Acer Aspire A515-57 (Windows),Wi-Fi,No,Dentro,Fresh Fix (maximumAge=0),9,18.69,-0.288164,-79.213436,94.72,3311.59,190.07,136.76,26.53,10,Rechazada,No,
2026-08-06T00:24:00Z,E6,POCO X6 Pro 5G (Android),Datos móviles,No,Fuera,Cached Fix (maximumAge=300000),11,4.14,-0.288463,-79.213137,9.55,1.5,331.76,133.35,7.09,10,Aceptada,No,
2026-08-05T21:43:00Z,E5,POCO X6 Pro 5G (Android),Wi-Fi,No,Fuera,Cached Fix (maximumAge=300000),11,1.51,-0.288312,-79.213112,7.94,1.5,228.81,100.57,9.86,10,Aceptada,No,
2026-08-05T18:17:00Z,E4,POCO X6 Pro 5G (Android),Datos móviles,Sí,Dentro,Fresh Fix (maximumAge=0),9,10.76,-0.288226,-79.213374,12.22,1338.23,4342.23,151.54,19.53,10,Rechazada,No,
2026-08-06T04:11:00Z,E8,Acer Aspire A515-57 (Windows),Datos móviles,Sí,Fuera,Fresh Fix (maximumAge=0),20,12.21,-0.288645,-79.213445,93.22,3233.45,3232.02,133.85,27.53,10,Rechazada,Sí,
2026-08-06T01:41:00Z,E7,Acer Aspire A515-57 (Windows),Wi-Fi,Sí,Fuera,Cached Fix (maximumAge=300000),11,7.49,-0.288251,-79.213349,108.48,5.43,2924.63,103.08,16.7,10,Rechazada,Sí,
2026-08-05T16:19:00Z,E4,Acer Aspire A515-57 (Windows),Datos móviles,Sí,Dentro,Fresh Fix (maximumAge=0),2,8.16,-0.288399,-79.213201,106.25,2161.12,5548.73,176.91,0.1,10,Aceptada,Sí,
2026-08-06T03:04:00Z,E7,POCO X6 Pro 5G (Android),Wi-Fi,Sí,Fuera,Cached Fix (maximumAge=300000),11,2.43,-0.288289,-79.213311,9.57,4.77,1546.5,118.37,12.47,10,Rechazada,Sí,
2026-08-05T10:04:00Z,E1,POCO X6 Pro 5G (Android),Wi-Fi,No,Dentro,Cached Fix (maximumAge=300000),2,4.15,-0.288355,-79.213155,10.34,3.41,197.28,147.22,5.03,10,Aceptada,Sí,
2026-08-05T10:26:00Z,E1,POCO X6 Pro 5G (Android),Wi-Fi,No,Dentro,Cached Fix (maximumAge=300000),9,6.12,-0.288433,-79.213233,5.78,3.99,167.27,180.62,3.74,10,Aceptada,Sí,
2026-08-05T23:47:00Z,E6,POCO X6 Pro 5G (Android),Datos móviles,No,Fuera,Fresh Fix (maximumAge=0),11,2.44,-0.288289,-79.213311,10.06,898.08,549.56,113.68,12.5,10,Rechazada,Sí,
2026-08-05T08:53:00Z,E1,Acer Aspire A515-57 (Windows),Wi-Fi,No,Dentro,Cached Fix (maximumAge=300000),2,14.04,-0.288284,-79.213316,115.98,2.45,202.51,154.3,13.06,10,Rechazada,No,
2026-08-06T05:54:00Z,E8,POCO X6 Pro 5G (Android),Datos móviles,Sí,Fuera,Fresh Fix (maximumAge=0),20,15.93,-0.288359,-79.213241,7.06,1129.18,3783.17,113.46,4.61,10,Aceptada,No,
2026-08-06T06:28:00Z,E8,POCO X6 Pro 5G (Android),Datos móviles,Sí,Fuera,Cached Fix (maximumAge=300000),20,1.25,-0.28823,-79.21337,11.06,3.22,6340.22,164.79,19.14,10,Rechazada,Sí,
2026-08-06T05:29:00Z,E8,POCO X6 Pro 5G (Android),Datos móviles,Sí,Fuera,Fresh Fix (maximumAge=0),11,14.81,-0.288399,-79.213201,11.68,1434.56,4041.02,139.17,0.1,10,Aceptada,No,
2026-08-05T16:10:00Z,E3,POCO X6 Pro 5G (Android),Wi-Fi,Sí,Dentro,Cached Fix (maximumAge=300000),9,2.44,-0.288466,-79.213266,14.19,4.13,2730.49,199.25,7.39,10,Aceptada,Sí,
2026-08-05T16:58:00Z,E4,Acer Aspire A515-57 (Windows),Datos móviles,Sí,Dentro,Fresh Fix (maximumAge=0),9,17.56,-0.288627,-79.212973,101.49,2912.61,4869.73,156.42,25.55,10,Rechazada,No,
2026-08-05T11:49:00Z,E2,Acer Aspire A515-57 (Windows),Datos móviles,No,Dentro,Cached Fix (maximumAge=300000),9,8.28,-0.288542,-79.213058,101.86,2.32,767.63,134.14,15.91,10,Rechazada,No,
2026-08-05T13:30:00Z,E3,Acer Aspire A515-57 (Windows),Wi-Fi,Sí,Dentro,Fresh Fix (maximumAge=0),2,18.5,-0.288401,-79.213201,110.59,3528.63,2911.93,136.17,0.1,10,Aceptada,Sí,
2026-08-05T20:35:00Z,E5,Acer Aspire A515-57 (Windows),Wi-Fi,No,Fuera,Cached Fix (maximumAge=300000),20,5.99,-0.288275,-79.213075,108.96,5.34,222.19,156.17,14.03,10,Rechazada,Sí,
2026-08-05T20:46:00Z,E5,POCO X6 Pro 5G (Android),Wi-Fi,No,Fuera,Fresh Fix (maximumAge=0),11,4.35,-0.288335,-79.213265,6.55,1053.12,222.77,171.73,7.34,10,Aceptada,No,
2026-08-05T17:45:00Z,E4,POCO X6 Pro 5G (Android),Datos móviles,Sí,Dentro,Fresh Fix (maximumAge=0),2,4.7,-0.288445,-79.213155,9.79,980.47,5032.14,147.15,5.07,10,Aceptada,Sí,
2026-08-06T02:35:00Z,E7,POCO X6 Pro 5G (Android),Wi-Fi,Sí,Fuera,Fresh Fix (maximumAge=0),20,1.44,-0.288211,-79.213389,8.88,1458.39,2405.38,151.84,21.29,10,Rechazada,Sí,
2026-08-06T05:07:00Z,E8,Acer Aspire A515-57 (Windows),Datos móviles,Sí,Fuera,Cached Fix (maximumAge=300000),20,8.2,-0.288521,-79.213079,109.35,3.32,4389.95,133.8,13.58,10,Rechazada,Sí,
2026-08-05T11:01:00Z,E2,Acer Aspire A515-57 (Windows),Datos móviles,No,Dentro,Fresh Fix (maximumAge=0),9,7.19,-0.288533,-79.213333,107.77,3357.57,754.37,136.23,14.94,10,Rechazada,No,
2026-08-05T10:41:00Z,E2,Acer Aspire A515-57 (Windows),Datos móviles,No,Dentro,Fresh Fix (maximumAge=0),2,11.52,-0.288513,-79.213313,108.68,1968.93,492.35,93.22,12.67,10,Rechazada,No,
2026-08-05T18:38:00Z,E4,POCO X6 Pro 5G (Android),Datos móviles,Sí,Dentro,Cached Fix (maximumAge=300000),2,2.95,-0.288442,-79.213158,13.9,4.04,4990.32,152.2,4.73,10,Aceptada,Sí,
2026-08-06T05:03:00Z,E8,Acer Aspire A515-57 (Windows),Datos móviles,Sí,Fuera,Cached Fix (maximumAge=300000),20,4.72,-0.288607,-79.213407,107.32,6.04,5477.19,139.38,23.2,10,Rechazada,Sí,
2026-08-05T19:35:00Z,E5,Acer Aspire A515-57 (Windows),Wi-Fi,No,Fuera,Fresh Fix (maximumAge=0),20,10.55,-0.288162,-79.212962,75.1,3557.68,179.22,178.81,26.71,10,Rechazada,Sí,
2026-08-05T22:40:00Z,E6,Acer Aspire A515-57 (Windows),Datos móviles,No,Fuera,Fresh Fix (maximumAge=0),20,13.33,-0.28832,-79.21312,126.87,2724.6,751.94,149.64,9.04,10,Aceptada,No,
2026-08-05T18:44:00Z,E4,POCO X6 Pro 5G (Android),Datos móviles,Sí,Dentro,Cached Fix (maximumAge=300000),2,1.31,-0.288429,-79.213171,10.29,1.5,5254.11,167.74,3.27,10,Aceptada,Sí,
2026-08-06T01:15:00Z,E7,Acer Aspire A515-57 (Windows),Wi-Fi,Sí,Fuera,Fresh Fix (maximumAge=0),20,8.24,-0.288175,-79.212975,112.69,2855.75,2982.6,142.11,25.25,10,Rechazada,Sí,
2026-08-05T15:20:00Z,E3,POCO X6 Pro 5G (Android),Wi-Fi,Sí,Dentro,Fresh Fix (maximumAge=0),9,1.36,-0.288328,-79.213128,9.16,1002.01,1779.9,125.37,8.13,10,Aceptada,Sí,
2026-08-05T21:14:00Z,E5,POCO X6 Pro 5G (Android),Wi-Fi,No,Fuera,Fresh Fix (maximumAge=0),20,3.38,-0.288194,-79.212994,10.0,1221.24,194.43,117.28,23.11,10,Rechazada,Sí,
2026-08-05T22:00:00Z,E5,POCO X6 Pro 5G (Android),Wi-Fi,No,Fuera,Cached Fix (maximumAge=300000),20,4.33,-0.288195,-79.212995,12.81,4.13,142.41,115.96,23.01,10,Rechazada,Sí,
2026-08-05T20:32:00Z,E5,Acer Aspire A515-57 (Windows),Wi-Fi,No,Fuera,Cached Fix (maximumAge=300000),20,12.76,-0.288683,-79.213483,92.66,4.14,143.14,145.87,31.83,10,Rechazada,Sí,
2026-08-05T14:19:00Z,E3,Acer Aspire A515-57 (Windows),Wi-Fi,Sí,Dentro,Cached Fix (maximumAge=300000),2,10.82,-0.288314,-79.213286,115.74,3.56,2753.15,135.86,9.63,10,Aceptada,Sí,
2026-08-06T02:42:00Z,E7,POCO X6 Pro 5G (Android),Wi-Fi,Sí,Fuera,Fresh Fix (maximumAge=0),20,4.05,-0.288189,-79.213411,8.96,1227.33,2627.49,117.6,23.74,10,Rechazada,Sí,
2026-08-05T16:31:00Z,E4,Acer Aspire A515-57 (Windows),Datos móviles,Sí,Dentro,Fresh Fix (maximumAge=0),2,19.73,-0.288401,-79.213199,100.59,3528.58,4531.61,134.34,0.1,10,Aceptada,Sí,
2026-08-06T02:18:00Z,E7,POCO X6 Pro 5G (Android),Wi-Fi,Sí,Fuera,Fresh Fix (maximumAge=0),11,2.88,-0.288515,-79.213085,14.56,1546.11,2504.27,148.96,12.93,10,Rechazada,Sí,
2026-08-05T19:41:00Z,E5,Acer Aspire A515-57 (Windows),Wi-Fi,No,Fuera,Fresh Fix (maximumAge=0),20,17.82,-0.288094,-79.213506,107.99,2797.16,255.52,145.54,34.35,10,Rechazada,Sí,
2026-08-05T12:01:00Z,E2,Acer Aspire A515-57 (Windows),Datos móviles,No,Dentro,Cached Fix (maximumAge=300000),9,9.81,-0.288424,-79.213176,85.5,3.73,724.18,148.72,2.65,10,Aceptada,Sí,
2026-08-05T11:13:00Z,E2,Acer Aspire A515-57 (Windows),Datos móviles,No,Dentro,Fresh Fix (maximumAge=0),9,12.85,-0.288561,-79.213039,118.88,3436.56,501.38,118.01,18.13,10,Rechazada,No,
2026-08-05T17:25:00Z,E4,Acer Aspire A515-57 (Windows),Datos móviles,Sí,Dentro,Cached Fix (maximumAge=300000),9,11.61,-0.288399,-79.213199,105.61,5.33,5614.76,164.65,0.1,10,Aceptada,Sí,
2026-08-05T21:37:00Z,E5,POCO X6 Pro 5G (Android),Wi-Fi,No,Fuera,Cached Fix (maximumAge=300000),11,5.6,-0.288461,-79.213261,9.94,4.05,180.34,152.92,6.8,10,Aceptada,No,
2026-08-05T19:15:00Z,E5,Acer Aspire A515-57 (Windows),Wi-Fi,No,Fuera,Fresh Fix (maximumAge=0),11,14.68,-0.288407,-79.213193,119.46,2539.85,146.33,109.22,0.77,10,Aceptada,No,
2026-08-06T04:34:00Z,E8,Acer Aspire A515-57 (Windows),Datos móviles,Sí,Fuera,Cached Fix (maximumAge=300000),11,6.58,-0.288357,-79.213243,110.45,5.59,4943.65,131.22,4.84,10,Aceptada,No,
2026-08-05T22:15:00Z,E6,Acer Aspire A515-57 (Windows),Datos móviles,No,Fuera,Fresh Fix (maximumAge=0),11,18.2,-0.288607,-79.212993,97.55,3273.91,758.16,131.53,23.24,10,Rechazada,Sí,
2026-08-05T11:26:00Z,E2,Acer Aspire A515-57 (Windows),Datos móviles,No,Dentro,Cached Fix (maximumAge=300000),2,19.29,-0.288401,-79.213201,114.2,4.6,769.72,146.41,0.1,10,Aceptada,Sí,
2026-08-05T16:07:00Z,E3,POCO X6 Pro 5G (Android),Wi-Fi,Sí,Dentro,Cached Fix (maximumAge=300000),9,2.33,-0.288306,-79.213106,9.82,1.5,2592.45,138.75,10.53,10,Rechazada,No,
2026-08-05T21:29:00Z,E5,POCO X6 Pro 5G (Android),Wi-Fi,No,Fuera,Cached Fix (maximumAge=300000),11,0.64,-0.288494,-79.213294,9.08,4.56,145.8,171.11,10.59,10,Rechazada,Sí,
2026-08-05T12:06:00Z,E2,POCO X6 Pro 5G (Android),Datos móviles,No,Dentro,Fresh Fix (maximumAge=0),2,5.06,-0.288445,-79.213155,10.13,800.48,553.99,140.92,5.09,10,Aceptada,Sí,
2026-08-05T12:49:00Z,E2,POCO X6 Pro 5G (Android),Datos móviles,No,Dentro,Cached Fix (maximumAge=300000),2,6.34,-0.288344,-79.213256,12.04,5.91,638.04,116.21,6.28,10,Aceptada,Sí,
2026-08-05T23:43:00Z,E6,POCO X6 Pro 5G (Android),Datos móviles,No,Fuera,Fresh Fix (maximumAge=0),11,3.01,-0.288474,-79.213274,12.85,1420.79,558.6,106.15,8.36,10,Aceptada,No,
2026-08-05T16:26:00Z,E4,Acer Aspire A515-57 (Windows),Datos móviles,Sí,Dentro,Fresh Fix (maximumAge=0),2,15.93,-0.288261,-79.213339,79.72,4057.83,4647.42,161.71,15.64,10,Rechazada,No,
2026-08-05T09:23:00Z,E1,POCO X6 Pro 5G (Android),Wi-Fi,No,Dentro,Fresh Fix (maximumAge=0),2,3.4,-0.28844,-79.21316,9.94,1280.03,125.5,153.5,4.54,10,Aceptada,Sí,
2026-08-05T23:02:00Z,E6,Acer Aspire A515-57 (Windows),Datos móviles,No,Fuera,Cached Fix (maximumAge=300000),11,15.29,-0.288187,-79.213413,146.4,5.36,745.96,123.15,23.92,10,Rechazada,Sí,
2026-08-05T22:46:00Z,E6,Acer Aspire A515-57 (Windows),Datos móviles,No,Fuera,Fresh Fix (maximumAge=0),20,11.8,-0.288128,-79.213472,114.96,2230.55,635.01,119.23,30.56,10,Rechazada,Sí,
2026-08-05T08:51:00Z,E1,Acer Aspire A515-57 (Windows),Wi-Fi,No,Dentro,Cached Fix (maximumAge=300000),2,10.09,-0.288401,-79.213201,93.0,1.5,202.97,80.0,0.1,10,Aceptada,Sí,
2026-08-05T12:17:00Z,E2,POCO X6 Pro 5G (Android),Datos móviles,No,Dentro,Fresh Fix (maximumAge=0),2,3.67,-0.288399,-79.213199,9.08,1334.22,544.36,125.0,0.1,10,Aceptada,Sí,
2026-08-05T12:38:00Z,E2,POCO X6 Pro 5G (Android),Datos móviles,No,Dentro,Fresh Fix (maximumAge=0),9,4.04,-0.28835,-79.21315,15.7,1090.99,850.41,142.7,5.67,10,Aceptada,Sí,
2026-08-06T05:36:00Z,E8,POCO X6 Pro 5G (Android),Datos móviles,Sí,Fuera,Fresh Fix (maximumAge=0),20,6.37,-0.288533,-79.213333,10.64,1024.89,4697.45,157.76,15.0,10,Rechazada,Sí,
2026-08-06T05:57:00Z,E8,POCO X6 Pro 5G (Android),Datos móviles,Sí,Fuera,Fresh Fix (maximumAge=0),20,7.88,-0.288638,-79.213438,11.4,1655.37,4518.59,122.06,26.71,10,Rechazada,Sí,
2026-08-05T20:03:00Z,E5,Acer Aspire A515-57 (Windows),Wi-Fi,No,Fuera,Cached Fix (maximumAge=300000),11,3.18,-0.288322,-79.213278,107.08,9.41,180.17,141.66,8.78,10,Aceptada,No,
2026-08-06T02:48:00Z,E7,POCO X6 Pro 5G (Android),Wi-Fi,Sí,Fuera,Fresh Fix (maximumAge=0),20,5.02,-0.288195,-79.213405,7.69,1581.24,2245.25,142.44,23.04,10,Rechazada,Sí,
2026-08-05T23:23:00Z,E6,Acer Aspire A515-57 (Windows),Datos móviles,No,Fuera,Cached Fix (maximumAge=300000),20,10.48,-0.288636,-79.212964,99.85,5.72,444.2,130.17,26.47,10,Rechazada,Sí,
2026-08-05T09:11:00Z,E1,Acer Aspire A515-57 (Windows),Wi-Fi,No,Dentro,Cached Fix (maximumAge=300000),9,11.55,-0.28823,-79.21303,113.67,5.68,124.55,168.13,19.13,10,Rechazada,No,
2026-08-05T12:54:00Z,E2,POCO X6 Pro 5G (Android),Datos móviles,No,Dentro,Cached Fix (maximumAge=300000),2,0.93,-0.288388,-79.213212,9.66,3.13,727.87,150.88,1.33,10,Aceptada,Sí,
2026-08-05T16:48:00Z,E4,Acer Aspire A515-57 (Windows),Datos móviles,Sí,Dentro,Fresh Fix (maximumAge=0),9,18.32,-0.288591,-79.213391,113.3,3247.87,5530.4,165.37,21.46,10,Rechazada,No,
2026-08-05T15:29:00Z,E3,POCO X6 Pro 5G (Android),Wi-Fi,Sí,Dentro,Fresh Fix (maximumAge=0),9,2.75,-0.288302,-79.213102,9.33,974.05,2580.51,135.39,11.03,10,Rechazada,No,
2026-08-05T10:13:00Z,E1,POCO X6 Pro 5G (Android),Wi-Fi,No,Dentro,Cached Fix (maximumAge=300000),2,2.84,-0.288399,-79.213199,9.43,1.79,96.81,136.14,0.1,10,Aceptada,Sí,
2026-08-05T16:36:00Z,E4,Acer Aspire A515-57 (Windows),Datos móviles,Sí,Dentro,Fresh Fix (maximumAge=0),2,18.33,-0.288401,-79.213201,102.33,3760.6,5284.05,168.23,0.1,10,Aceptada,Sí,
2026-08-05T20:50:00Z,E5,POCO X6 Pro 5G (Android),Wi-Fi,No,Fuera,Fresh Fix (maximumAge=0),11,2.47,-0.288281,-79.213081,14.74,870.36,113.13,158.18,13.38,10,Rechazada,Sí,
2026-08-05T08:06:00Z,E1,Acer Aspire A515-57 (Windows),Wi-Fi,No,Dentro,Fresh Fix (maximumAge=0),2,10.27,-0.288401,-79.213201,88.29,3386.94,179.47,168.99,0.1,10,Aceptada,Sí,
2026-08-05T14:43:00Z,E3,Acer Aspire A515-57 (Windows),Wi-Fi,Sí,Dentro,Cached Fix (maximumAge=300000),9,11.83,-0.288384,-79.213216,102.53,6.09,1833.39,162.3,1.85,10,Aceptada,Sí,
2026-08-06T03:41:00Z,E8,Acer Aspire A515-57 (Windows),Datos móviles,Sí,Fuera,Fresh Fix (maximumAge=0),11,8.94,-0.288548,-79.213348,112.01,3577.82,5464.41,154.34,16.66,10,Rechazada,Sí,
2026-08-05T14:15:00Z,E3,Acer Aspire A515-57 (Windows),Wi-Fi,Sí,Dentro,Cached Fix (maximumAge=300000),2,9.02,-0.288477,-79.213123,102.35,4.47,2949.41,145.29,8.6,10,Aceptada,Sí,
2026-08-05T10:32:00Z,E1,POCO X6 Pro 5G (Android),Wi-Fi,No,Dentro,Cached Fix (maximumAge=300000),9,0.44,-0.288317,-79.213283,15.06,5.66,155.04,122.09,9.32,10,Aceptada,Sí,
2026-08-05T17:05:00Z,E4,Acer Aspire A515-57 (Windows),Datos móviles,Sí,Dentro,Cached Fix (maximumAge=300000),2,10.99,-0.288401,-79.213199,104.13,4.31,4330.76,133.09,0.1,10,Aceptada,Sí,
2026-08-05T14:29:00Z,E3,Acer Aspire A515-57 (Windows),Wi-Fi,Sí,Dentro,Cached Fix (maximumAge=300000),9,10.03,-0.288244,-79.213356,121.29,4.95,2605.13,133.79,17.56,10,Rechazada,No,
2026-08-05T17:51:00Z,E4,POCO X6 Pro 5G (Android),Datos móviles,Sí,Dentro,Fresh Fix (maximumAge=0),2,6.78,-0.288454,-79.213254,7.4,1155.95,5414.54,141.83,6.12,10,Aceptada,Sí,
2026-08-05T14:39:00Z,E3,Acer Aspire A515-57 (Windows),Wi-Fi,Sí,Dentro,Cached Fix (maximumAge=300000),9,20.49,-0.288399,-79.213201,118.0,4.23,2382.76,134.28,0.1,10,Aceptada,Sí,
2026-08-05T10:23:00Z,E1,POCO X6 Pro 5G (Android),Wi-Fi,No,Dentro,Cached Fix (maximumAge=300000),9,6.13,-0.288437,-79.213163,11.12,4.22,197.74,116.11,4.21,10,Aceptada,Sí,
2026-08-05T08:39:00Z,E1,Acer Aspire A515-57 (Windows),Wi-Fi,No,Dentro,Fresh Fix (maximumAge=0),9,11.96,-0.288219,-79.213019,106.64,4086.06,133.34,158.8,20.32,10,Rechazada,No,
2026-08-05T13:34:00Z,E3,Acer Aspire A515-57 (Windows),Wi-Fi,Sí,Dentro,Fresh Fix (maximumAge=0),2,16.7,-0.288536,-79.213064,106.39,3617.61,2108.3,141.65,15.26,10,Rechazada,No,
2026-08-05T19:24:00Z,E5,Acer Aspire A515-57 (Windows),Wi-Fi,No,Fuera,Fresh Fix (maximumAge=0),11,10.92,-0.288421,-79.213179,112.67,2567.68,156.68,165.41,2.4,10,Aceptada,No,
2026-08-05T13:44:00Z,E3,Acer Aspire A515-57 (Windows),Wi-Fi,Sí,Dentro,Fresh Fix (maximumAge=0),9,12.96,-0.288401,-79.213199,115.95,3545.03,3284.27,146.54,0.1,10,Aceptada,Sí,
2026-08-05T15:49:00Z,E3,POCO X6 Pro 5G (Android),Wi-Fi,Sí,Dentro,Cached Fix (maximumAge=300000),2,2.36,-0.288399,-79.213199,16.17,4.93,3358.66,93.99,0.1,10,Aceptada,Sí,
2026-08-05T23:08:00Z,E6,Acer Aspire A515-57 (Windows),Datos móviles,No,Fuera,Cached Fix (maximumAge=300000),11,0.43,-0.288299,-79.213099,85.24,5.08,585.08,119.35,11.39,10,Rechazada,Sí,
2026-08-05T09:00:00Z,E1,Acer Aspire A515-57 (Windows),Wi-Fi,No,Dentro,Cached Fix (maximumAge=300000),2,9.89,-0.288301,-79.213101,112.79,3.19,198.03,141.89,11.12,10,Rechazada,No,
2026-08-05T19:22:00Z,E5,Acer Aspire A515-57 (Windows),Wi-Fi,No,Fuera,Fresh Fix (maximumAge=0),11,10.96,-0.288382,-79.213182,100.9,3351.6,201.84,159.0,1.97,10,Aceptada,No,
2026-08-05T18:06:00Z,E4,POCO X6 Pro 5G (Android),Datos móviles,Sí,Dentro,Fresh Fix (maximumAge=0),9,17.42,-0.288201,-79.213399,9.22,1262.28,4334.71,175.79,22.37,10,Rechazada,No,
2026-08-05T23:38:00Z,E6,POCO X6 Pro 5G (Android),Datos móviles,No,Fuera,Fresh Fix (maximumAge=0),11,7.29,-0.288239,-79.213361,10.26,1289.03,637.97,135.81,18.11,10,Rechazada,Sí,
2026-08-06T00:08:00Z,E6,POCO X6 Pro 5G (Android),Datos móviles,No,Fuera,Fresh Fix (maximumAge=0),20,5.75,-0.288625,-79.213425,14.45,1489.3,727.77,139.27,25.24,10,Rechazada,Sí,
2026-08-05T10:15:00Z,E1,POCO X6 Pro 5G (Android),Wi-Fi,No,Dentro,Cached Fix (maximumAge=300000),2,2.44,-0.288401,-79.213199,12.87,3.66,212.39,163.38,0.1,10,Aceptada,Sí,
2026-08-05T21:50:00Z,E5,POCO X6 Pro 5G (Android),Wi-Fi,No,Fuera,Cached Fix (maximumAge=300000),20,2.71,-0.288245,-79.213355,6.37,3.97,199.57,132.17,17.41,10,Rechazada,Sí,
2026-08-05T23:12:00Z,E6,Acer Aspire A515-57 (Windows),Datos móviles,No,Fuera,Cached Fix (maximumAge=300000),20,11.05,-0.288149,-79.212949,98.95,3.1,601.6,129.22,28.21,10,Rechazada,Sí,
2026-08-06T04:55:00Z,E8,Acer Aspire A515-57 (Windows),Datos móviles,Sí,Fuera,Cached Fix (maximumAge=300000),20,15.15,-0.288138,-79.213462,97.84,4.07,4935.03,150.16,29.43,10,Rechazada,Sí,
2026-08-05T12:44:00Z,E2,POCO X6 Pro 5G (Android),Datos móviles,No,Dentro,Fresh Fix (maximumAge=0),9,4.56,-0.28829,-79.21309,12.08,1352.81,495.58,135.99,12.39,10,Rechazada,No,
2026-08-05T14:00:00Z,E3,Acer Aspire A515-57 (Windows),Wi-Fi,Sí,Dentro,Fresh Fix (maximumAge=0),9,10.55,-0.288548,-79.213052,104.68,2100.77,2242.89,104.56,16.66,10,Rechazada,No,
2026-08-05T08:11:00Z,E1,Acer Aspire A515-57 (Windows),Wi-Fi,No,Dentro,Fresh Fix (maximumAge=0),2,11.7,-0.288401,-79.213199,97.7,2000.08,216.33,149.66,0.1,10,Aceptada,Sí,
2026-08-05T09:20:00Z,E1,Acer Aspire A515-57 (Windows),Wi-Fi,No,Dentro,Cached Fix (maximumAge=300000),9,13.59,-0.288207,-79.213393,113.52,6.56,149.13,115.82,21.74,10,Rechazada,No,
2026-08-05T12:35:00Z,E2,POCO X6 Pro 5G (Android),Datos móviles,No,Dentro,Fresh Fix (maximumAge=0),9,4.45,-0.288441,-79.213159,14.57,1681.26,762.43,124.93,4.6,10,Aceptada,Sí,
2026-08-05T21:20:00Z,E5,POCO X6 Pro 5G (Android),Wi-Fi,No,Fuera,Fresh Fix (maximumAge=0),20,3.93,-0.288243,-79.213043,6.08,1671.98,162.35,152.93,17.62,10,Rechazada,Sí,
2026-08-06T05:24:00Z,E8,POCO X6 Pro 5G (Android),Datos móviles,Sí,Fuera,Fresh Fix (maximumAge=0),11,5.5,-0.28853,-79.21333,12.12,1593.65,4989.28,124.47,14.6,10,Rechazada,Sí,
2026-08-06T01:37:00Z,E7,Acer Aspire A515-57 (Windows),Wi-Fi,Sí,Fuera,Cached Fix (maximumAge=300000),11,3.97,-0.288468,-79.213132,116.35,3.06,2311.68,122.45,7.59,10,Aceptada,No,
2026-08-05T10:51:00Z,E2,Acer Aspire A515-57 (Windows),Datos móviles,No,Dentro,Fresh Fix (maximumAge=0),2,7.26,-0.288399,-79.213201,88.78,2855.83,454.83,180.9,0.1,10,Aceptada,Sí,
2026-08-05T12:31:00Z,E2,POCO X6 Pro 5G (Android),Datos móviles,No,Dentro,Fresh Fix (maximumAge=0),9,3.34,-0.288499,-79.213299,9.4,1189.53,376.46,147.15,11.08,10,Rechazada,No,
2026-08-05T19:18:00Z,E5,Acer Aspire A515-57 (Windows),Wi-Fi,No,Fuera,Fresh Fix (maximumAge=0),11,17.53,-0.288401,-79.213201,133.45,2975.69,173.51,134.58,0.1,10,Aceptada,No,
2026-08-05T22:58:00Z,E6,Acer Aspire A515-57 (Windows),Datos móviles,No,Fuera,Cached Fix (maximumAge=300000),11,11.56,-0.288588,-79.213012,111.86,4.1,672.74,140.19,21.16,10,Rechazada,Sí,
2026-08-05T19:27:00Z,E5,Acer Aspire A515-57 (Windows),Wi-Fi,No,Fuera,Fresh Fix (maximumAge=0),11,7.2,-0.288434,-79.213166,88.6,2607.47,168.95,154.61,3.86,10,Aceptada,No,
2026-08-05T21:45:00Z,E5,POCO X6 Pro 5G (Android),Wi-Fi,No,Fuera,Cached Fix (maximumAge=300000),11,3.46,-0.288326,-79.213126,13.05,4.11,153.03,175.21,8.35,10,Aceptada,No,
2026-08-05T09:03:00Z,E1,Acer Aspire A515-57 (Windows),Wi-Fi,No,Dentro,Cached Fix (maximumAge=300000),2,11.06,-0.28851,-79.21331,106.38,4.51,182.89,143.66,12.32,10,Rechazada,No,
2026-08-06T01:34:00Z,E7,Acer Aspire A515-57 (Windows),Wi-Fi,Sí,Fuera,Cached Fix (maximumAge=300000),11,2.35,-0.28848,-79.21312,90.27,2.44,3015.6,113.86,8.99,10,Aceptada,No,
2026-08-05T17:37:00Z,E4,Acer Aspire A515-57 (Windows),Datos móviles,Sí,Dentro,Cached Fix (maximumAge=300000),9,9.13,-0.288429,-79.213229,115.27,6.4,4498.86,143.69,3.23,10,Aceptada,Sí,
2026-08-05T13:05:00Z,E2,POCO X6 Pro 5G (Android),Datos móviles,No,Dentro,Cached Fix (maximumAge=300000),9,4.06,-0.288352,-79.213152,11.59,4.63,883.85,126.8,5.37,10,Aceptada,Sí,
2026-08-05T13:22:00Z,E2,POCO X6 Pro 5G (Android),Datos móviles,No,Dentro,Cached Fix (maximumAge=300000),9,1.94,-0.288496,-79.213296,12.92,5.29,654.01,154.54,10.8,10,Rechazada,No,
2026-08-05T09:30:00Z,E1,POCO X6 Pro 5G (Android),Wi-Fi,No,Dentro,Fresh Fix (maximumAge=0),2,1.75,-0.288405,-79.213205,7.86,1055.98,221.34,127.88,0.53,10,Aceptada,Sí,
2026-08-05T11:55:00Z,E2,Acer Aspire A515-57 (Windows),Datos móviles,No,Dentro,Cached Fix (maximumAge=300000),9,13.36,-0.288401,-79.213201,119.65,4.61,449.38,154.45,0.1,10,Aceptada,Sí,
2026-08-05T14:57:00Z,E3,POCO X6 Pro 5G (Android),Wi-Fi,Sí,Dentro,Fresh Fix (maximumAge=0),2,3.14,-0.288435,-79.213165,12.06,1770.75,3200.4,143.4,3.91,10,Aceptada,Sí,
2026-08-05T12:59:00Z,E2,POCO X6 Pro 5G (Android),Datos móviles,No,Dentro,Cached Fix (maximumAge=300000),2,3.22,-0.288399,-79.213201,15.11,4.13,690.0,120.02,0.1,10,Aceptada,Sí,
2026-08-06T02:04:00Z,E7,Acer Aspire A515-57 (Windows),Wi-Fi,Sí,Fuera,Cached Fix (maximumAge=300000),20,8.42,-0.288648,-79.212952,74.19,4.57,2266.95,141.42,27.91,10,Rechazada,Sí,
2026-08-05T19:10:00Z,E4,POCO X6 Pro 5G (Android),Datos móviles,Sí,Dentro,Cached Fix (maximumAge=300000),9,5.37,-0.288441,-79.213159,11.75,2.58,4822.88,140.23,4.62,10,Aceptada,Sí,
2026-08-05T23:17:00Z,E6,Acer Aspire A515-57 (Windows),Datos móviles,No,Fuera,Cached Fix (maximumAge=300000),20,5.04,-0.288619,-79.212981,94.35,3.53,564.91,206.07,24.6,10,Rechazada,Sí,
2026-08-05T23:55:00Z,E6,POCO X6 Pro 5G (Android),Datos móviles,No,Fuera,Fresh Fix (maximumAge=0),20,3.45,-0.2882,-79.2134,5.84,1226.31,586.15,141.25,22.5,10,Rechazada,Sí,
2026-08-05T11:18:00Z,E2,Acer Aspire A515-57 (Windows),Datos móviles,No,Dentro,Fresh Fix (maximumAge=0),9,13.7,-0.288401,-79.213201,118.01,2301.91,597.6,161.04,0.1,10,Aceptada,Sí,
2026-08-05T18:41:00Z,E4,POCO X6 Pro 5G (Android),Datos móviles,Sí,Dentro,Cached Fix (maximumAge=300000),2,3.17,-0.288401,-79.213199,13.88,5.61,4629.95,114.45,0.1,10,Aceptada,Sí,
2026-08-05T17:27:00Z,E4,Acer Aspire A515-57 (Windows),Datos móviles,Sí,Dentro,Cached Fix (maximumAge=300000),9,7.54,-0.288385,-79.213185,111.8,3.96,4791.25,115.17,1.66,10,Aceptada,Sí,
2026-08-06T04:40:00Z,E8,Acer Aspire A515-57 (Windows),Datos móviles,Sí,Fuera,Cached Fix (maximumAge=300000),11,18.06,-0.288602,-79.213402,105.77,4.72,4639.06,178.61,22.72,10,Rechazada,Sí,
2026-08-05T08:14:00Z,E1,Acer Aspire A515-57 (Windows),Wi-Fi,No,Dentro,Fresh Fix (maximumAge=0),2,12.89,-0.288313,-79.213113,112.97,2452.52,258.76,133.63,9.79,10,Aceptada,Sí,
2026-08-06T01:09:00Z,E7,Acer Aspire A515-57 (Windows),Wi-Fi,Sí,Fuera,Fresh Fix (maximumAge=0),20,11.2,-0.288668,-79.213468,102.95,3243.66,3766.09,157.6,30.1,10,Rechazada,Sí,
2026-08-06T05:59:00Z,E8,POCO X6 Pro 5G (Android),Datos móviles,Sí,Fuera,Cached Fix (maximumAge=300000),11,3.76,-0.288277,-79.213323,18.14,1.5,3911.63,100.82,13.86,10,Rechazada,Sí,
2026-08-05T18:22:00Z,E4,POCO X6 Pro 5G (Android),Datos móviles,Sí,Dentro,Fresh Fix (maximumAge=0),9,14.23,-0.288399,-79.213199,10.81,1279.79,3788.97,134.03,0.1,10,Aceptada,Sí,
2026-08-05T11:09:00Z,E2,Acer Aspire A515-57 (Windows),Datos móviles,No,Dentro,Fresh Fix (maximumAge=0),9,13.82,-0.288589,-79.213389,116.59,3705.29,491.99,162.0,21.29,10,Rechazada,No,
2026-08-06T06:19:00Z,E8,POCO X6 Pro 5G (Android),Datos móviles,Sí,Fuera,Cached Fix (maximumAge=300000),20,2.3,-0.288238,-79.213362,7.14,1.58,4619.96,163.54,18.22,10,Rechazada,Sí,
2026-08-05T22:09:00Z,E6,Acer Aspire A515-57 (Windows),Datos móviles,No,Fuera,Fresh Fix (maximumAge=0),11,17.0,-0.288399,-79.213201,71.05,2451.02,590.95,135.87,0.1,10,Aceptada,No,
2026-08-06T01:29:00Z,E7,Acer Aspire A515-57 (Windows),Wi-Fi,Sí,Fuera,Cached Fix (maximumAge=300000),11,12.53,-0.28821,-79.21301,123.54,3.82,2728.24,169.68,21.3,10,Rechazada,Sí,
2026-08-05T09:13:00Z,E1,Acer Aspire A515-57 (Windows),Wi-Fi,No,Dentro,Cached Fix (maximumAge=300000),9,16.77,-0.288399,-79.213199,95.75,7.61,189.64,150.63,0.1,10,Aceptada,Sí,
2026-08-05T15:45:00Z,E3,POCO X6 Pro 5G (Android),Wi-Fi,Sí,Dentro,Cached Fix (maximumAge=300000),2,0.01,-0.288418,-79.213182,5.7,4.09,2228.68,165.63,1.99,10,Aceptada,Sí,
2026-08-05T09:41:00Z,E1,POCO X6 Pro 5G (Android),Wi-Fi,No,Dentro,Fresh Fix (maximumAge=0),9,5.96,-0.288438,-79.213162,10.45,1400.9,173.66,137.29,4.3,10,Aceptada,Sí,
2026-08-06T04:51:00Z,E8,Acer Aspire A515-57 (Windows),Datos móviles,Sí,Fuera,Cached Fix (maximumAge=300000),11,19.87,-0.288138,-79.212938,82.38,3.33,5419.03,148.81,29.47,10,Rechazada,Sí,
2026-08-06T05:33:00Z,E8,POCO X6 Pro 5G (Android),Datos móviles,Sí,Fuera,Fresh Fix (maximumAge=0),11,6.17,-0.288347,-79.213253,11.26,1597.36,5140.85,111.82,5.96,10,Aceptada,No,
2026-08-05T15:40:00Z,E3,POCO X6 Pro 5G (Android),Wi-Fi,Sí,Dentro,Cached Fix (maximumAge=300000),2,6.73,-0.288399,-79.213199,10.25,5.13,2794.94,103.72,0.1,10,Aceptada,Sí,
2026-08-05T17:19:00Z,E4,Acer Aspire A515-57 (Windows),Datos móviles,Sí,Dentro,Cached Fix (maximumAge=300000),9,15.91,-0.288621,-79.213421,98.04,3.57,4344.52,138.82,24.81,10,Rechazada,No,
2026-08-05T14:34:00Z,E3,Acer Aspire A515-57 (Windows),Wi-Fi,Sí,Dentro,Cached Fix (maximumAge=300000),9,14.44,-0.288208,-79.213392,93.24,1.5,1997.9,141.64,21.56,10,Rechazada,No,
2026-08-06T02:22:00Z,E7,POCO X6 Pro 5G (Android),Wi-Fi,Sí,Fuera,Fresh Fix (maximumAge=0),11,5.53,-0.288263,-79.213337,13.73,1227.36,2874.23,136.76,15.35,10,Rechazada,Sí,
2026-08-06T01:23:00Z,E7,Acer Aspire A515-57 (Windows),Wi-Fi,Sí,Fuera,Fresh Fix (maximumAge=0),20,12.08,-0.288313,-79.213113,104.22,2743.26,1868.33,130.33,9.73,10,Aceptada,No,
2026-08-05T09:52:00Z,E1,POCO X6 Pro 5G (Android),Wi-Fi,No,Dentro,Fresh Fix (maximumAge=0),9,1.85,-0.288493,-79.213293,13.24,1468.25,206.98,132.8,10.4,10,Rechazada,No,
2026-08-05T22:27:00Z,E6,Acer Aspire A515-57 (Windows),Datos móviles,No,Fuera,Fresh Fix (maximumAge=0),20,17.06,-0.288355,-79.213245,103.31,3151.48,130.02,134.05,5.02,10,Aceptada,No,
2026-08-05T17:00:00Z,E4,Acer Aspire A515-57 (Windows),Datos móviles,Sí,Dentro,Cached Fix (maximumAge=300000),2,7.47,-0.28846,-79.21326,105.98,6.29,4377.21,186.07,6.75,10,Aceptada,Sí,
2026-08-05T09:54:00Z,E1,POCO X6 Pro 5G (Android),Wi-Fi,No,Dentro,Fresh Fix (maximumAge=0),9,2.62,-0.288343,-79.213257,11.87,1296.16,146.34,142.7,6.42,10,Aceptada,Sí,
2026-08-05T16:02:00Z,E3,POCO X6 Pro 5G (Android),Wi-Fi,Sí,Dentro,Cached Fix (maximumAge=300000),9,7.1,-0.288437,-79.213237,13.14,2.88,2603.11,164.17,4.14,10,Aceptada,Sí,
2026-08-05T10:00:00Z,E1,POCO X6 Pro 5G (Android),Wi-Fi,No,Dentro,Fresh Fix (maximumAge=0),9,4.19,-0.288512,-79.213312,9.05,1154.96,179.09,152.21,12.6,10,Rechazada,No,
2026-08-05T13:14:00Z,E2,POCO X6 Pro 5G (Android),Datos móviles,No,Dentro,Cached Fix (maximumAge=300000),9,4.46,-0.288288,-79.213312,7.71,3.52,897.47,161.86,12.64,10,Rechazada,No,
2026-08-06T03:45:00Z,E8,Acer Aspire A515-57 (Windows),Datos móviles,Sí,Fuera,Fresh Fix (maximumAge=0),11,14.25,-0.288401,-79.213201,100.4,3643.13,5404.01,168.47,0.1,10,Aceptada,No,
2026-08-06T01:55:00Z,E7,Acer Aspire A515-57 (Windows),Wi-Fi,Sí,Fuera,Cached Fix (maximumAge=300000),20,9.06,-0.288168,-79.212968,93.51,3.54,2285.6,133.64,26.09,10,Rechazada,Sí,
